perm,rf,rf_shap,variable,wv_rf,xgb,xgb_shap,task
0.011096233039906691,0.006309399556968376,207.14925298236736,F,11.298687728365342,0.01666036807000637,118.74104309082031,reg
0.04512600596686804,0.020633803706102745,687.2155227948905,I,31.107179229483187,0.0206788070499897,802.5457763671875,reg
0.010073357665992601,0.005310669209145925,130.64015050331182,M,9.880574791190726,0.004356015007942915,39.943931579589844,reg
0.0678426761972033,0.07058744078141528,476.4406102455708,length,170.403071836425,0.0908220112323761,634.8103637695312,reg
0.08538212656348608,0.09470798593865618,906.4875835778275,diameter,166.9321894310598,0.07976086437702179,760.4136352539062,reg
0.11106295668997007,0.14199553731854672,1753.7617618635118,height,256.6448695835994,0.08916228264570236,1148.7464599609375,reg
0.1226181786541953,0.14083271760437027,1562.7633531792974,whole weight,259.9017842804818,0.16023759543895721,5525.0185546875,reg
0.20789378202866354,0.1286916079264837,2461.420740823193,shucked weight,334.6573808801128,0.21202805638313293,6563.279296875,reg
0.08132904183707546,0.10902534204236562,794.0155723676469,viscera weight,304.7595798720488,0.10805097967386246,764.2850341796875,reg
0.257575641356639,0.281905495915945,3839.586734673968,shell weight,725.5395171771739,0.21824303269386292,5586.27392578125,reg
0.0009694883028244738,0.0004747818204589195,0.0013427694462024233,tBodyAcc-mean()-X,0.09411710985267199,0.0037227924913167953,0.0010687739122658966,clf
0.00029761537041386233,0.0004170554273757882,0.0008775259145401299,tBodyAcc-mean()-Y,0.4819312155088509,0.0038916929624974728,0.0012701090890914206,clf
0.00044200853326245115,0.00025974924163668704,0.0005120491908693275,tBodyAcc-mean()-Z,0.11480563393227627,0.0030488017946481705,0.0011193989776074886,clf
0.0043773464270185965,0.006553396962391503,0.010761882285127741,tBodyAcc-std()-X,1.821142036696888,0.009192065335810184,0.0198914147913456,clf
0.001155855920769415,0.0012673509655075734,0.002499827701295838,tBodyAcc-std()-Y,0.256990258831577,0.004512539133429527,0.009021002799272535,clf
0.0012380128442018301,0.0007317071100770406,0.0026508797056791983,tBodyAcc-std()-Z,0.15083995782440934,0.0034164765384048232,0.0020689405500888824,clf
0.002652687780922792,0.003610058149238866,0.010977851673660038,tBodyAcc-mad()-X,1.9241068178834264,0.0017396160401403904,0.003238600678741932,clf
0.0012758534318239698,0.0009958071344838956,0.0022812671934995627,tBodyAcc-mad()-Y,0.3537954499524248,0.0022008249070495367,0.010746867395937445,clf
0.0013603511908676295,0.0006739383776893448,0.0020794076568992547,tBodyAcc-mad()-Z,0.12985949247664452,0.0010009647812694313,0.0008285606745630503,clf
0.006182241487432705,0.008622933155116428,0.023412868495880947,tBodyAcc-max()-X,6.275628069515925,0.010997317731380464,0.14356829226016998,clf
0.0013575487403325224,0.0004121800090747954,0.0016811720448651698,tBodyAcc-max()-Y,0.10442274779963986,0.002472700551152229,0.0047125061973929405,clf
0.0007263947562836223,0.0004506626360050767,0.0017465934179597671,tBodyAcc-max()-Z,0.06597355373733885,0.002775400411337614,0.0033879349939525127,clf
0.0013583380410368696,0.0007880000933264634,0.002851368185336327,tBodyAcc-min()-X,0.1819021651925533,0.002715891692787409,0.004702100995928049,clf
0.0044950434354619475,0.0012298076048040606,0.006144719830613954,tBodyAcc-min()-Y,0.12509857776862662,0.0026915296912193303,0.006567775271832943,clf
0.0009658731177387636,0.0003495052909659012,0.0015447570068532052,tBodyAcc-min()-Z,0.20159936848436905,0.002110438421368599,0.0017142342403531075,clf
0.0012505797880176725,0.0013375499447524002,0.007423543107542433,tBodyAcc-sma(),0.3548886215426229,0.0018933176761493087,0.004127270542085171,clf
0.0059996490317109005,0.004643792610429911,0.011688417754949184,tBodyAcc-energy()-X,9.002954576612279,0.002885150955989957,0.07467284798622131,clf
0.0015186757520736938,0.0008446588340422942,0.0027547438298514645,tBodyAcc-energy()-Y,0.2735931310612684,0.0010341866873204708,0.0053049218840897075,clf
0.0011633576043792752,0.0009593943482828721,0.002071847183503311,tBodyAcc-energy()-Z,0.1450169620963584,0.0007608865853399037,0.0016002673655748367,clf
0.0024282391178649435,0.0020805179608827237,0.008608938688631714,tBodyAcc-iqr()-X,0.4368562910803465,0.001646619290113449,0.005672986153513193,clf
0.0008957535713790312,0.0008540978100545219,0.0022572162582624703,tBodyAcc-iqr()-Y,0.26420494079962875,0.001471497816964984,0.0019127788254991167,clf
0.0005849578363064338,0.0005206683634607028,0.001126668006379768,tBodyAcc-iqr()-Z,0.05563797854650192,0.0012740865349769592,0.0011590732028707866,clf
0.002695008898510157,0.0012685907607899436,0.004766145669608716,tBodyAcc-entropy()-X,1.6647301124002918,0.009690265171229841,0.02369367890059948,clf
0.000508383552245867,0.00043998491533693584,0.0011623024201222615,tBodyAcc-entropy()-Y,0.1643392281227488,0.0030372964683920145,0.0025987739209085703,clf
0.0004248862645613336,0.0003993163237342256,0.0011135365947177117,tBodyAcc-entropy()-Z,0.20393112218559933,0.003599283052608371,0.003596942173317075,clf
0.001316676622723997,0.0005774459838237927,0.0024588518997895764,"tBodyAcc-arCoeff()-X,1",0.08177192442731174,0.002333918353542685,0.0036919894628226757,clf
0.00010476704888568597,0.00018427295492548092,0.0004422548436798282,"tBodyAcc-arCoeff()-X,2",0.027907237041201544,0.0020508395973593,0.0011528732720762491,clf
0.00024495002474295445,0.00020115898107192924,0.0003919074506539848,"tBodyAcc-arCoeff()-X,3",0.1299057463756534,0.0014378527412191033,0.0005098649417050184,clf
0.00044251395216718967,0.00033877395365523627,0.0007408784192268862,"tBodyAcc-arCoeff()-X,4",0.2816696238852658,0.0031020878814160824,0.0017404755344614387,clf
0.000607970023350426,0.0004192519232155186,0.0011906860870688827,"tBodyAcc-arCoeff()-Y,1",0.13958537201666066,0.002341345185413957,0.0008529509068466723,clf
0.00017276234382381108,0.00020957025107299918,0.00031649995203977566,"tBodyAcc-arCoeff()-Y,2",0.04260165846174911,0.0015056149568408728,0.000661476340610534,clf
0.00010807720803227546,0.00017978152789774267,0.0003440891041412765,"tBodyAcc-arCoeff()-Y,3",0.015163315963458848,0.0017849561991170047,0.0006363109569065273,clf
0.0002726866547010707,0.000249477926260718,0.0006395055565130779,"tBodyAcc-arCoeff()-Y,4",0.0465448095997506,0.00277108559384942,0.000989446067251265,clf
0.0005383306564454758,0.00032349241415427564,0.0006645558592381564,"tBodyAcc-arCoeff()-Z,1",0.05947335825772927,0.0027931160293519497,0.0012498268624767661,clf
0.00021102251307746598,0.00021047201010071176,0.00036181309108125896,"tBodyAcc-arCoeff()-Z,2",0.06856074823011749,0.0014813647139817474,0.0005563139566220343,clf
0.00013102193404334418,0.00018565029955070736,0.00037943122284912815,"tBodyAcc-arCoeff()-Z,3",0.1607160950887712,0.0016963459784165025,0.0006151946727186441,clf
0.0003327392213976477,0.0003830027547032924,0.000996749724296433,"tBodyAcc-arCoeff()-Z,4",0.04862248385869534,0.0031196416821330786,0.0018328912556171415,clf
0.004266771772436469,0.004611710848675735,0.01219900153182046,"tBodyAcc-correlation()-X,Y",3.3070600695292383,0.017334183678030968,0.05437050759792328,clf
0.0019109144389183386,0.0015608988721643687,0.004239535482315428,"tBodyAcc-correlation()-X,Z",0.7397931847109938,0.007543800864368676,0.01852268725633621,clf
0.002400281237240839,0.0027294211425565496,0.0054336731173157795,"tBodyAcc-correlation()-Y,Z",0.5611481452376667,0.004898196086287498,0.004053050186485052,clf
0.016523313996617342,0.019227392475961936,0.05170030420142966,tGravityAcc-mean()-X,6.064216541365589,0.024002060294151303,0.622364342212677,clf
0.010472677726609406,0.014841781091271756,0.03030867038308825,tGravityAcc-mean()-Y,2.92924618201033,0.024031314998865128,0.1280355155467987,clf
0.003518554263125543,0.00939680960049316,0.014745040835526402,tGravityAcc-mean()-Z,1.7674982390183962,0.01227163802832365,0.01950594037771225,clf
0.001762811016687764,0.002863545449231741,0.00793986364376117,tGravityAcc-std()-X,0.7308435469240301,0.0024809662718325853,0.003272113623097539,clf
0.0020527571843717853,0.002152178051567459,0.006014736581089397,tGravityAcc-std()-Y,0.9329475629867758,0.0023648133501410484,0.004127544350922108,clf
0.0016194164047564936,0.0015644416368408105,0.003607673456614564,tGravityAcc-std()-Z,0.4376960127292144,0.0017822325462475421,0.0010754307731986046,clf
0.0020417199938890028,0.00280696660057162,0.005319306921427114,tGravityAcc-mad()-X,0.4056982087701278,0.000371302361600101,0.0008313357247970997,clf
0.0013166574643390136,0.0016486326880261275,0.003503189765699141,tGravityAcc-mad()-Y,0.3744798571532527,0.00044704307219944894,0.0005650224047712983,clf
0.0008997935445315373,0.001096558363635948,0.003448228473698309,tGravityAcc-mad()-Z,0.2056148448582068,0.0004302429733797909,0.000391426554415375,clf
0.015304641557737104,0.01658737948083414,0.04366029630442683,tGravityAcc-max()-X,7.576287431090691,0.0038703801110386853,0.01147165521979332,clf
0.007995355454147025,0.015903567378660596,0.025723333179976132,tGravityAcc-max()-Y,2.800721395289524,0.015879817306995392,0.3505644500255585,clf
0.003722322951820947,0.007332043119457727,0.01294338934246295,tGravityAcc-max()-Z,0.9773973216325272,0.0039225821383297435,0.007920279167592525,clf
0.014860961926982875,0.02420076911447469,0.055233629418053175,tGravityAcc-min()-X,14.135594768361175,0.007959770038723946,0.5056163072586061,clf
0.010627661950423249,0.01554485561518899,0.02726654632655348,tGravityAcc-min()-Y,4.14909584056584,0.010888686403632164,0.08675865828990936,clf
0.0036434716853299596,0.009334956682368495,0.013932692974218609,tGravityAcc-min()-Z,0.9160297776139232,0.00461186934262514,0.008881732821464539,clf
0.002127214759898564,0.0033548492056894802,0.00557952774363323,tGravityAcc-sma(),0.9802818141373332,0.005637492518872023,0.004681358113884926,clf
0.01196288997800681,0.019643909257219816,0.04150353889980468,tGravityAcc-energy()-X,7.018362190439035,6.582014611922204e-05,0.00033442999119870365,clf
0.0068781151393606365,0.012381928628451151,0.0221160898952669,tGravityAcc-energy()-Y,4.925044896950007,0.017359135672450066,0.07240951061248779,clf
0.004126704530326342,0.006137073986599038,0.011666421326522543,tGravityAcc-energy()-Z,1.2839766192851307,0.005208054557442665,0.004863091744482517,clf
0.0022947916753350913,0.0019652416431787376,0.004735273721903775,tGravityAcc-iqr()-X,0.2719681965681772,0.0008519379771314561,0.0014880688395351171,clf
0.0014482959228457135,0.0015726042079245253,0.003311053657671929,tGravityAcc-iqr()-Y,0.4003377337806896,0.0008912349585443734,0.0008612053352408111,clf
0.0009985838429110146,0.0007548542667059898,0.002164942890522656,tGravityAcc-iqr()-Z,0.35330016326852565,0.0015092738904058931,0.001137753133662045,clf
0.0022065968358104733,0.0029341632636515373,0.007026618850938221,tGravityAcc-entropy()-X,0.7676433078893159,0.0011005518026649954,0.00173157115932554,clf
0.0034021898409161127,0.0050019658660857905,0.01569055638993564,tGravityAcc-entropy()-Y,0.9416531709266904,0.001076329848729074,0.0013247831957414744,clf
0.00044429235826856943,0.000451231495331085,0.0009516356952350133,tGravityAcc-entropy()-Z,0.100557481698531,0.0007839874597266316,0.0007906215032562612,clf
0.003142355995993303,0.00554299784707524,0.01094102987753117,"tGravityAcc-arCoeff()-X,1",2.1473588097201404,0.011469068937003613,0.0903024896979332,clf
0.005208557020075722,0.004927879572481841,0.011534927191987676,"tGravityAcc-arCoeff()-X,2",3.2107469364296,0.0015184286748990414,0.004465821199119091,clf
0.0029508129249423555,0.00475784356423956,0.009084893172985244,"tGravityAcc-arCoeff()-X,3",3.677916533401882,0.0011235019192099571,0.0015312454197555778,clf
0.002153465429536982,0.0032361479307608017,0.00749612820831593,"tGravityAcc-arCoeff()-X,4",4.099893473886398,0.0011554043740034106,0.0013812059769406915,clf
0.004961647638153871,0.006367132052335296,0.012878866100858666,"tGravityAcc-arCoeff()-Y,1",3.787879040663012,0.005659070331603289,0.0212952122092247,clf
0.004358725074863969,0.004690346161792518,0.011632721023119744,"tGravityAcc-arCoeff()-Y,2",5.6006286351886665,0.0024551476817578077,0.015707056969404217,clf
0.0030905794818997397,0.0038609192974187975,0.01048508485203317,"tGravityAcc-arCoeff()-Y,3",3.4883753779073885,0.002671568188816309,0.019099149852991104,clf
0.0028723120874248804,0.0028213992171642658,0.0062870134813416325,"tGravityAcc-arCoeff()-Y,4",3.1382567158052463,0.002507789526134729,0.01094410102814436,clf
0.003638147768276506,0.006764303403554767,0.012953100740658322,"tGravityAcc-arCoeff()-Z,1",4.564113664126253,0.005897036753594875,0.049826730042696,clf
0.0024089284710700717,0.0049844197313463935,0.010408871856382628,"tGravityAcc-arCoeff()-Z,2",3.9414879113847037,0.0029043785762041807,0.01959486305713654,clf
0.003203154350881045,0.004244194293041311,0.01013109691002875,"tGravityAcc-arCoeff()-Z,3",1.263868223779936,0.0026352894492447376,0.014277540147304537,clf
0.003577737285914812,0.003475324125155168,0.01102407679957678,"tGravityAcc-arCoeff()-Z,4",2.418237068815256,0.0019896372687071557,0.0052796537056565285,clf
0.002426865765937229,0.002265733243458775,0.006221177290671591,"tGravityAcc-correlation()-X,Y",0.1369384643024242,0.002457476686686277,0.002307666698470712,clf
0.0009327061946622244,0.0010700691940184546,0.0029678959170495282,"tGravityAcc-correlation()-X,Z",0.07121211689013993,0.0029594951774925,0.0011803930392488835,clf
0.001163684210005723,0.0018826533957710233,0.004157601494751217,"tGravityAcc-correlation()-Y,Z",0.4187141061535604,0.002554843900725245,0.0020209448412060733,clf
0.00036304669713379086,0.00020475234378601872,0.0005563116383734013,tBodyAccJerk-mean()-X,0.11749476753920188,0.001249729422852397,0.0005355398170650005,clf
0.00021758404106373146,0.000180856806163086,0.0003552755243221561,tBodyAccJerk-mean()-Y,0.051567613239354285,0.0011405559489503505,0.0006453811656683682,clf
0.00017883506294363792,0.0001894792774203435,0.0004128694014978866,tBodyAccJerk-mean()-Z,0.08606570342984478,0.0010597023647278547,0.000429214327596128,clf
0.002962753885240883,0.002471282343205139,0.018513830169896568,tBodyAccJerk-std()-X,3.9318073406647662,0.0006531479884870348,0.0005114818341098727,clf
0.005626127622528264,0.004553650018693558,0.01268236536113124,tBodyAccJerk-std()-Y,0.9329757833686688,0.0014899426605552435,0.0026999423280358315,clf
0.0013909668905533676,0.0010935924417188893,0.0051577474356999855,tBodyAccJerk-std()-Z,0.1788817521594887,0.002516909036785364,0.020105479285120964,clf
0.010952953200080402,0.006820444891483944,0.02234921643136388,tBodyAccJerk-mad()-X,4.322252774862991,0.0004475659516174347,0.00040778916445560753,clf
0.003996860173003506,0.003886669358462578,0.01160931473276206,tBodyAccJerk-mad()-Y,2.088432112182228,0.0007139553199522197,0.01848038844764233,clf
0.0012056197185103775,0.0010617162318669123,0.006231458867747992,tBodyAccJerk-mad()-Z,1.34895077003377,0.0011832675663754346,0.010420692153275013,clf
0.006596495623695068,0.0021201333415155443,0.008835209296059916,tBodyAccJerk-max()-X,1.7047386873051522,0.005078976973891258,0.03270704299211502,clf
0.0015387705537824395,0.0006674608347320836,0.002324060158900931,tBodyAccJerk-max()-Y,0.13120928717780206,0.0012317001819610596,0.028705593198537827,clf
0.0014645399191064654,0.0006691127133269863,0.002402187853131643,tBodyAccJerk-max()-Z,0.32067226876480803,0.002384877996519208,0.006066996604204178,clf
0.0006933705248002148,0.0008076754293416678,0.002879870829357028,tBodyAccJerk-min()-X,0.239659321916674,0.0013236514059826732,0.002569099189713597,clf
0.0006051698074649905,0.0008268780568100912,0.0027601054275941004,tBodyAccJerk-min()-Y,0.21065748657139788,0.0011638881405815482,0.001735265483148396,clf
0.0005582327394984879,0.0007760717217702122,0.0011401685453148775,tBodyAccJerk-min()-Z,0.1826514047787495,0.0017425629775971176,0.003911104984581471,clf
0.0008898884626168479,0.003003396519577037,0.011216210312609056,tBodyAccJerk-sma(),3.2451794546224355,0.00038976696669124067,0.0004308157367631793,clf
0.0004332634111338908,0.004182661294436306,0.008941828060891626,tBodyAccJerk-energy()-X,4.119461795075658,8.23248592496384e-06,0.00010318342538084836,clf
0.0010369497461434542,0.002482287326390425,0.005610597727615763,tBodyAccJerk-energy()-Y,5.00773218703017,8.365050234715454e-06,1.2652219083975073e-05,clf
0.0033894639302224487,0.002288296123511574,0.0052399299677107535,tBodyAccJerk-energy()-Z,0.22242280054048646,4.989815715816803e-05,0.0005500156548805535,clf
0.0005564545978872488,0.00254373377821192,0.011988849821480544,tBodyAccJerk-iqr()-X,3.76520211902445,0.0008267770754173397,0.0008652739925310018,clf
0.0008123169816827629,0.004360885805977666,0.00341150936456084,tBodyAccJerk-iqr()-Y,2.384979065053572,0.001442666631191969,0.005015297792851925,clf
0.0009548614019409537,0.002493672775076589,0.0025084249568877496,tBodyAccJerk-iqr()-Z,0.19790728100129973,0.0023386613465845585,0.00717846443876624,clf
0.0016153092377842035,0.0026037408941731034,0.006782409096145303,tBodyAccJerk-entropy()-X,4.360306486211776,0.005593420937657356,0.011106934398412704,clf
0.003056247336243916,0.0029788291542714018,0.007797579414133149,tBodyAccJerk-entropy()-Y,1.2326066131533642,0.0011063730344176292,0.0010744223836809397,clf
0.0008278697619082398,0.0010122168064348588,0.003108965961890556,tBodyAccJerk-entropy()-Z,0.2386793212392268,0.00829293206334114,0.02586588263511657,clf
0.0007523190070595567,0.000281653658334454,0.0013895783505967266,"tBodyAccJerk-arCoeff()-X,1",0.2140083078003984,0.0014138872502371669,0.0018989462405443192,clf
0.0001500290180648784,0.00020895234945467704,0.00038119393732738194,"tBodyAccJerk-arCoeff()-X,2",0.04326141114500847,0.0015541451284661893,0.00042661462794058025,clf
0.00047198415980254316,0.00023839677940313804,0.0007119614102431849,"tBodyAccJerk-arCoeff()-X,3",0.07974462908771804,0.001490933122113347,0.0006088126683607697,clf
0.0007520198310652289,0.00034880172059525917,0.0012583043916116411,"tBodyAccJerk-arCoeff()-X,4",0.07541913519763607,0.0021243393421173096,0.00145771203096956,clf
0.0002812733193029185,0.00023631173223004437,0.0005986729795492713,"tBodyAccJerk-arCoeff()-Y,1",0.03626391976121207,0.0007768876967020332,0.0004639984690584241,clf
0.00017309084041132054,0.00020090726810988117,0.0003308832355890872,"tBodyAccJerk-arCoeff()-Y,2",0.0622381336456599,0.0008345539099536836,0.00032761512557044625,clf
0.00016381018529913998,0.0002389912742354917,0.00041714140435419303,"tBodyAccJerk-arCoeff()-Y,3",0.0688821858700382,0.001166096655651927,0.00043252171599306166,clf
0.0002181862436468296,0.0002459500821627975,0.0004422809243541841,"tBodyAccJerk-arCoeff()-Y,4",0.19384893831837327,0.002166630234569311,0.0010655741207301617,clf
0.00039605963672838295,0.00024296152461692884,0.0008578213043047426,"tBodyAccJerk-arCoeff()-Z,1",0.09448386858261736,0.0015602149069309235,0.0013393479166552429,clf
0.0001718038765677524,0.0002259421214823625,0.0004919504304730047,"tBodyAccJerk-arCoeff()-Z,2",0.18798179997916176,0.0014055173378437755,0.0005693203420378268,clf
0.0002516724926505175,0.0002753831597414753,0.0006002368031005395,"tBodyAccJerk-arCoeff()-Z,3",0.11117971693023967,0.001989565324038267,0.0013045481173321605,clf
0.00019062833712316478,0.0002540359737528434,0.0005418296240159918,"tBodyAccJerk-arCoeff()-Z,4",0.06701036122630646,0.0025567910633981232,0.0010563955875113606,clf
0.0009771017235727713,0.0008848788320943938,0.003012413178253189,"tBodyAccJerk-correlation()-X,Y",0.41328191223478505,0.003633894957602024,0.005871553905308247,clf
0.000447092575135021,0.0004656582256598714,0.0009366081265859645,"tBodyAccJerk-correlation()-X,Z",0.09002366639940332,0.0026400159113109107,0.0017460117815062404,clf
0.00046000061115220985,0.0003814001821187398,0.0008074603071041582,"tBodyAccJerk-correlation()-Y,Z",0.17144643143846458,0.002250832039862871,0.0015320124803110955,clf
0.001606413430251256,0.0013294266011058494,0.003088391683282731,tBodyGyro-mean()-X,0.4097291337208218,0.004684536717832089,0.004362023435533047,clf
0.0005598416203756853,0.0005744666336731407,0.0009366835794869836,tBodyGyro-mean()-Y,0.2083232709948542,0.002365800552070141,0.0016725842142477634,clf
0.0010666849035519822,0.0008572040408860529,0.0022247258189747924,tBodyGyro-mean()-Z,0.2430811863710698,0.0021695396862924103,0.0020586850587278605,clf
0.0026499113845312584,0.0019438924602752608,0.006975821609600426,tBodyGyro-std()-X,0.39976382930806337,0.0029559757094830275,0.006987399887293577,clf
0.0031899546849829268,0.0011358385214236672,0.003755779061754481,tBodyGyro-std()-Y,0.1967282062209807,0.001481690094806254,0.0014891719911247492,clf
0.003214443594483853,0.001576682625421128,0.003826873519379925,tBodyGyro-std()-Z,0.3475422093207307,0.0017451654421165586,0.002045515691861511,clf
0.0027860483322445315,0.0025827001222262377,0.00849622299745852,tBodyGyro-mad()-X,0.21130247076578693,0.003179157618433237,0.009827454574406149,clf
0.0016105251035019431,0.0020513621777084354,0.003488931026830243,tBodyGyro-mad()-Y,0.2875712790509388,0.0006609423435293138,0.0015880479477345946,clf
0.003811594541908665,0.0014156175513415632,0.006052630341928373,tBodyGyro-mad()-Z,0.8601266560321149,0.0009008499328047037,0.002474659588187933,clf
0.002902022361621057,0.003097913088168798,0.008819266288351165,tBodyGyro-max()-X,0.5454737802581032,0.012933090329170229,0.2267877608537674,clf
0.0012122352358271446,0.00047493288958945615,0.0014937037275582995,tBodyGyro-max()-Y,0.12636113132856616,0.0012078079162165525,0.0016445106593891974,clf
0.0004398525316533651,0.0006887666079572585,0.002067145764196557,tBodyGyro-max()-Z,0.3141439939728591,0.001934221014380455,0.004930433817207813,clf
0.0018922119225817519,0.0020767470128225407,0.00630545747474656,tBodyGyro-min()-X,0.42426376270851396,0.012554774060845377,0.0413995124399662,clf
0.0008590483052792129,0.000459293466497864,0.0012322139393927914,tBodyGyro-min()-Y,0.15221805646253184,0.0010762144811451435,0.0009416444809176028,clf
0.0005058279090774104,0.0010115708107580554,0.0020283223644931834,tBodyGyro-min()-Z,0.262425480515022,0.0010922226356342435,0.0015058291610330345,clf
0.0045216297336836036,0.0007626450321098625,0.005120297673510789,tBodyGyro-sma(),0.2629906159582117,0.0009423728333786133,0.003461796324700117,clf
0.0018194007505198376,0.0021028938486491225,0.006068211432982125,tBodyGyro-energy()-X,0.2558468187292752,0.00162438559345901,0.002626767847687006,clf
0.0008705194914729322,0.0010742559029484036,0.002051738081480721,tBodyGyro-energy()-Y,0.2030111648782773,0.0006529628881253303,0.0017210713122040033,clf
0.0013960509213781745,0.001204476083992234,0.0037830424695729477,tBodyGyro-energy()-Z,0.5869713272942227,0.002161341020837426,0.047913119196891785,clf
0.0021184750128384576,0.0029517396400266915,0.007535029613715155,tBodyGyro-iqr()-X,0.28707038648809674,0.010521300137043,0.06641418486833572,clf
0.0006949843469370463,0.0022625021587045647,0.0016594737183817953,tBodyGyro-iqr()-Y,0.3201324597307422,0.0016801866004243493,0.00447630463168025,clf
0.001498024323113335,0.0013482978816097074,0.003508192228763628,tBodyGyro-iqr()-Z,1.108606477447012,0.002948120702058077,0.006812318693846464,clf
0.0015856288969336655,0.0020094887356409733,0.005170452237874123,tBodyGyro-entropy()-X,0.5704167914825558,0.004034286364912987,0.005010063759982586,clf
0.00048235595551252556,0.0004094635649831655,0.0009447733634764266,tBodyGyro-entropy()-Y,0.2330366643043187,0.0015617293538525696,0.0014185563195496798,clf
0.001901565821628369,0.0010030346281723107,0.002328749621873045,tBodyGyro-entropy()-Z,0.15388086619986902,0.0017200872534886007,0.003436775645241141,clf
0.0020196815475838604,0.00102244995228,0.003858170564506017,"tBodyGyro-arCoeff()-X,1",0.1469162275300896,0.003818963654339313,0.003589858533814549,clf
0.0002667702143330733,0.0002865253687167156,0.0005146111567704663,"tBodyGyro-arCoeff()-X,2",0.041825959722227087,0.000993519090116024,0.0005809302674606442,clf
9.699700926972024e-05,0.00018692506825795284,0.00032551107895692185,"tBodyGyro-arCoeff()-X,3",0.04315664334323778,0.001092632650397718,0.0004898769548162818,clf
0.00031553906429364456,0.0003516808258180313,0.0009114191445194113,"tBodyGyro-arCoeff()-X,4",0.1132045458269724,0.0024552252143621445,0.0016327713383361695,clf
0.000691838535047901,0.00046441758369445145,0.0015493550249554404,"tBodyGyro-arCoeff()-Y,1",0.32484566356165395,0.0037138862535357475,0.005355590488761664,clf
0.0002882052702851444,0.000310105663354038,0.0008499844221181209,"tBodyGyro-arCoeff()-Y,2",0.2125380657716654,0.001694330363534391,0.0019468159880489109,clf
0.000168588691341948,0.0002263771528492317,0.00035493463528915863,"tBodyGyro-arCoeff()-Y,3",0.1330429426107748,0.0011583305895328526,0.00045593822142109275,clf
0.000265843981327049,0.0003361938509562195,0.000598604725652227,"tBodyGyro-arCoeff()-Y,4",0.15672830302923876,0.0011862547835335135,0.0005977171822451055,clf
0.0006768322694521607,0.00036622524473119464,0.0010004969005789556,"tBodyGyro-arCoeff()-Z,1",0.2046217811868656,0.0009995800210162995,0.0007338913856074214,clf
0.0004830197563734373,0.00027769445511152864,0.0006727944508895547,"tBodyGyro-arCoeff()-Z,2",0.08207038861312052,0.0015684154350310564,0.0012449197238311172,clf
0.00015230813616183653,0.00023627854441626362,0.00045366564912267576,"tBodyGyro-arCoeff()-Z,3",0.09792732205252452,0.0013729640049859881,0.0009509031078778207,clf
0.00033273462115557105,0.0003449962195958417,0.0007129515109115019,"tBodyGyro-arCoeff()-Z,4",0.38703712808663737,0.0018798116361722352,0.000949749315623194,clf
0.0014101285063712766,0.000882516700975558,0.0021223925903113288,"tBodyGyro-correlation()-X,Y",0.4639021000921062,0.007651448249816894,0.008489779196679592,clf
0.0007925547274666522,0.0010314379516069977,0.0020836648079134022,"tBodyGyro-correlation()-X,Z",0.4751892613710876,0.007483909372240305,0.008739597164094448,clf
0.0011277799975324366,0.0012331377776399802,0.0025475780678187844,"tBodyGyro-correlation()-Y,Z",1.216011739728669,0.012048806995153429,0.020909037441015244,clf
0.0007054977971605218,0.0005609586044790149,0.0012562883975967098,tBodyGyroJerk-mean()-X,0.13774311027460595,0.002297302708029747,0.002563799032941461,clf
0.0002531052716708487,0.00016582509849314526,0.0005113383569647236,tBodyGyroJerk-mean()-Y,0.0906672851631433,0.002340148435905576,0.0010167807340621948,clf
0.00037308724489356265,0.0004593861149969292,0.0010441575381773401,tBodyGyroJerk-mean()-Z,0.05228296059861328,0.0014991580974310634,0.001218678429722786,clf
0.003589497063803751,0.002779316436838963,0.007951902245398327,tBodyGyroJerk-std()-X,0.6997225141384809,0.0018856851384043687,0.0023933860938996077,clf
0.0013684309259845335,0.0009911769629711512,0.0017924502062000695,tBodyGyroJerk-std()-Y,0.1089781674328747,0.0007205966394394637,0.0006321968394331634,clf
0.0009707940697719768,0.0015914678292403288,0.010078061893677057,tBodyGyroJerk-std()-Z,0.13948642720972765,0.0004707091138698161,0.0006833491497673094,clf
0.0030933648737010264,0.002982981090573586,0.009337394881622905,tBodyGyroJerk-mad()-X,0.5930179825290723,0.0017128974432125688,0.00608341908082366,clf
0.0030689162862701245,0.0014700420595285151,0.003308374586855812,tBodyGyroJerk-mad()-Y,0.12175002403285776,0.0002152073138859123,0.0003101752081420273,clf
0.0027200130029494023,0.004739893321514686,0.006553316617333431,tBodyGyroJerk-mad()-Z,2.495047529234128,0.00024071904772426933,0.0006412237416952847,clf
0.001756094289423584,0.0008534485878511206,0.002940872030078434,tBodyGyroJerk-max()-X,0.1861493743701096,0.001000943942926824,0.0010331344092264774,clf
0.0007573397364486278,0.0005080279104369357,0.0012853027471336296,tBodyGyroJerk-max()-Y,0.108011300985134,0.0005873640766367316,0.0006698067300021647,clf
0.0015670540628363273,0.0006061001376723753,0.002150199915658272,tBodyGyroJerk-max()-Z,0.10274614844184216,0.0007771996315568688,0.001282502431422472,clf
0.0018342842068316046,0.0011103467085366492,0.002870359522881444,tBodyGyroJerk-min()-X,0.33698201721757565,0.0012759905075654387,0.001835143892094493,clf
0.001729041424531737,0.00039507258223860016,0.002333416527409636,tBodyGyroJerk-min()-Y,0.2560542840210164,0.0006029345677234232,0.0005391383892856538,clf
0.0003784359352107853,0.00034032199873754285,0.0006497810707123353,tBodyGyroJerk-min()-Z,0.15974113880681468,0.0005122159491293132,0.0007519349455833435,clf
0.0033801283415489554,0.0024256417325195755,0.00695856889333752,tBodyGyroJerk-sma(),1.4126693509403982,0.00032146141165867453,0.000713055778760463,clf
0.003438404769378396,0.001840474533345821,0.007739636370799523,tBodyGyroJerk-energy()-X,0.5664450359168296,3.2998374081216746e-05,0.00016412687546107918,clf
0.0020676325240031558,0.0005666296557261776,0.0042924663311750015,tBodyGyroJerk-energy()-Y,0.2333884818261317,2.4665388991707005e-05,7.694450323469937e-05,clf
0.003106560133632059,0.0014531349394520904,0.0113278314231617,tBodyGyroJerk-energy()-Z,1.0741434544195645,1.6400836102548055e-05,6.08238551649265e-05,clf
0.006441052752381606,0.004024066025504289,0.011737314110447688,tBodyGyroJerk-iqr()-X,2.630122278565044,0.0038570105098187923,0.022677760571241386,clf
0.002538266787467222,0.0017521778226634542,0.0031295801522594744,tBodyGyroJerk-iqr()-Y,0.11248595261532834,0.0007356936694122853,0.0014130044728517532,clf
0.003466759458463305,0.0032070923738587386,0.01216903338829495,tBodyGyroJerk-iqr()-Z,4.5952641230033064,0.0007372920517809688,0.002073642099276185,clf
0.0017843732869971185,0.0011136473361372198,0.003609461421095423,tBodyGyroJerk-entropy()-X,0.14706656217712644,0.0009082401520572604,0.0017485723365098238,clf
0.000780916091078629,0.0003411247235859472,0.0008743524925756782,tBodyGyroJerk-entropy()-Y,0.0523008131031135,0.0022283820435404773,0.0010955927427858114,clf
0.0007106882987634756,0.002727773565547784,0.005091426583101658,tBodyGyroJerk-entropy()-Z,0.392728955017225,0.004312283359467983,0.008916526101529598,clf
0.0017767723756820278,0.001542314244891517,0.004281390532889079,"tBodyGyroJerk-arCoeff()-X,1",0.2879597310851784,0.004234209656715393,0.006458512507379055,clf
0.0009667103577956633,0.00038556408997715536,0.0012918159213470485,"tBodyGyroJerk-arCoeff()-X,2",0.03513456447886498,0.0014214487746357918,0.0009793417993932962,clf
0.0009835424879904367,0.0007116841494165495,0.0022667299280314662,"tBodyGyroJerk-arCoeff()-X,3",0.08474732886479712,0.0040448447689414024,0.004811082500964403,clf
0.0002490936446923744,0.0002608908713284552,0.0004485439640900343,"tBodyGyroJerk-arCoeff()-X,4",0.0920921068169733,0.0015961125027388336,0.0006513620028272271,clf
0.0004948377575338755,0.0003192528408028474,0.001145131771201346,"tBodyGyroJerk-arCoeff()-Y,1",0.1768031024309203,0.0007761415326967835,0.0004985998384654522,clf
0.00013833668694226658,0.00024144503037448184,0.0004626202240784741,"tBodyGyroJerk-arCoeff()-Y,2",0.0491490109534443,0.0010249195620417595,0.000389723019907251,clf
0.00015874301926046297,0.00018628853615812864,0.0004233153893153767,"tBodyGyroJerk-arCoeff()-Y,3",0.10007945594994193,0.0008443638798780737,0.00036006022128276527,clf
0.0002364642146346987,0.00025577696807232807,0.0005414828035640532,"tBodyGyroJerk-arCoeff()-Y,4",0.08771069392620867,0.003823147853836417,0.0031270228791981936,clf
0.00048630698930082853,0.00026666942468263544,0.0010922483065501027,"tBodyGyroJerk-arCoeff()-Z,1",0.11201464516378387,0.0015036819968372586,0.0007481775828637183,clf
0.000410211327814952,0.0002450770592029143,0.0006678084040365075,"tBodyGyroJerk-arCoeff()-Z,2",0.1508070821291642,0.0012054940452799199,0.0008469784515909853,clf
0.00018933882431420904,0.0002777231005881567,0.00043225051698626783,"tBodyGyroJerk-arCoeff()-Z,3",0.06585604216735756,0.0010085585527122019,0.0004882525827270001,clf
0.0005832491089829937,0.0003961296478525134,0.0010279701640465398,"tBodyGyroJerk-arCoeff()-Z,4",0.1256154492787134,0.0033549671061336994,0.002432284876704216,clf
0.00045438759616426086,0.0005356683719727228,0.0010013167379947774,"tBodyGyroJerk-correlation()-X,Y",0.1752287490615746,0.005329310894012451,0.005678211804479361,clf
0.0005294845137810506,0.0006778295945234565,0.0015821577072244741,"tBodyGyroJerk-correlation()-X,Z",0.3015283895610268,0.003229254158213734,0.002432497451081872,clf
0.0008565036397933602,0.000572408177477738,0.0015892098724436935,"tBodyGyroJerk-correlation()-Y,Z",0.2470664845918082,0.0035406050737947226,0.0035856966860592365,clf
0.0010264683874294013,0.002637101812386636,0.003702665159130736,tBodyAccMag-mean(),0.4749876543496564,0.0008674204582348466,0.004344991873949764,clf
0.007516419830629658,0.005377095309765727,0.012982969454114531,tBodyAccMag-std(),5.809594098789951,0.006165097467601299,0.030582830309867862,clf
0.004690490880584338,0.005782874443312368,0.010629225937187913,tBodyAccMag-mad(),6.923115907913504,0.004531822167336941,0.009342136792838572,clf
0.0034970428418797397,0.003056615132558712,0.007534904363946445,tBodyAccMag-max(),1.499428120452707,0.000711672066245228,0.0030787438154220572,clf
0.0004962126936471725,0.00018920450717126064,0.0006686641855701378,tBodyAccMag-min(),0.062714225256012,0.001257163705304265,0.00042189384112134576,clf
0.0021652537433570346,0.002054604761827416,0.00587833037808074,tBodyAccMag-sma(),0.5066366704058117,0.0,0.0,clf
0.003026019042426025,0.002318201638985066,0.004949562699222676,tBodyAccMag-energy(),0.6230105879968881,0.0003885074693243951,0.001689146738499403,clf
0.000986647602320783,0.0015691707028846224,0.0023886619664634213,tBodyAccMag-iqr(),0.5941387525941265,0.001396105159074068,0.001586493686772883,clf
0.0013208031573287509,0.001169165082188767,0.003609388842660611,tBodyAccMag-entropy(),0.1102069727003357,0.00032282221945934,0.0005429945304058492,clf
0.0022669235611651787,0.003479912046245564,0.00901480952502265,tBodyAccMag-arCoeff()1,2.252273483217816,0.0019697537645697594,0.005370338447391987,clf
0.0009723782240297283,0.0012760542015516825,0.003723145208166925,tBodyAccMag-arCoeff()2,1.2378578005687664,0.0008195264963433146,0.0005188814247958362,clf
0.00015911819794869292,0.00017256474040270401,0.0003922842574128075,tBodyAccMag-arCoeff()3,0.05649249699652445,0.0008517489768564701,0.0003953653504140675,clf
0.00033553084342570667,0.00024916251621475176,0.000496134128364224,tBodyAccMag-arCoeff()4,0.165957026008279,0.0008937094244174658,0.000536420033313334,clf
0.002306254394480079,0.0023168769142264435,0.004607560245474137,tGravityAccMag-mean(),1.2287390291444844,0.0,0.0,clf
0.0055389180746566935,0.00620931383012305,0.013408813946815748,tGravityAccMag-std(),8.534923856497574,0.0,0.0,clf
0.0045196222716390394,0.004608370935258054,0.010247188913209249,tGravityAccMag-mad(),4.2451187873439,0.0,0.0,clf
0.003456451695723466,0.0032581717101922442,0.00766831610307828,tGravityAccMag-max(),1.8763429497354955,0.0,0.0,clf
0.00026382814784898693,0.00020367738681623685,0.0007190449803252206,tGravityAccMag-min(),0.0589288974277757,0.0,0.0,clf
0.001452511307521566,0.0014855581728867682,0.00458207577117899,tGravityAccMag-sma(),0.4659216953288932,0.0,0.0,clf
0.0017971657598968357,0.0023063706980300308,0.005725183976360714,tGravityAccMag-energy(),1.365365122915872,0.0,0.0,clf
0.0008680864400875051,0.0014295774157850715,0.0025290295316312394,tGravityAccMag-iqr(),1.392645672216276,0.0,0.0,clf
0.0006164798052589416,0.001897324731702648,0.0014313414439540374,tGravityAccMag-entropy(),0.14361745269046616,0.0,0.0,clf
0.003053394963303476,0.0030097547785556404,0.007831707857480271,tGravityAccMag-arCoeff()1,2.599764610827524,0.0,0.0,clf
0.001132955131561846,0.0019410168796388226,0.002904537821658117,tGravityAccMag-arCoeff()2,0.4694233696997221,0.0,0.0,clf
0.0001405904329298239,0.00021715001431344894,0.00038469498319534983,tGravityAccMag-arCoeff()3,0.06425814524948974,0.0,0.0,clf
0.00030003806895363016,0.00020403819939868908,0.0005360872850866655,tGravityAccMag-arCoeff()4,0.1765203054962518,0.0,0.0,clf
0.003265613307975877,0.004249263883485953,0.012111650988313941,tBodyAccJerkMag-mean(),4.341352046862991,0.0001074026949936524,0.00024335777561645963,clf
0.0013364007151036128,0.0029212360750007172,0.009320721697855236,tBodyAccJerkMag-std(),1.4623839718393925,0.00019065357628278434,0.00017206811753567308,clf
0.0015092147941338776,0.0028231014491188052,0.007962977879377867,tBodyAccJerkMag-mad(),4.551429310387556,0.0009638270130380988,0.004482313059270382,clf
0.00014665611414607806,0.0002803559535811494,0.0009422254526467973,tBodyAccJerkMag-max(),0.18161371640728768,0.0002977274125441909,0.00018752057803794744,clf
0.00047736600188578136,0.0005772844465321215,0.0007697308889643968,tBodyAccJerkMag-min(),0.07233209559088112,0.00270509859547019,0.000971055414993316,clf
0.0033821534598714627,0.004506160418888214,0.00828903369043923,tBodyAccJerkMag-sma(),3.0087206206141524,0.0,0.0,clf
0.0033486532891265327,0.004075055303049722,0.014782626347282784,tBodyAccJerkMag-energy(),2.7866164785325283,0.000298276572721079,0.0007037644390948117,clf
0.007577757391573384,0.005165010756238418,0.01826943247028039,tBodyAccJerkMag-iqr(),1.195594057171985,0.0011935250367969275,0.005466033238917589,clf
0.0027345109289594514,0.002701961075686677,0.023272390869057462,tBodyAccJerkMag-entropy(),1.689734764142624,0.0002149120409740135,0.00014642179303336889,clf
0.0001459947560706079,0.00022750581460666774,0.0004304108047211312,tBodyAccJerkMag-arCoeff()1,0.11338684763317985,0.0017355415038764475,0.0008648200309835374,clf
0.0003707860711481605,0.0003310756992737736,0.0006390195841780523,tBodyAccJerkMag-arCoeff()2,0.13135161766133832,0.0026803386863321066,0.0018091331003233788,clf
0.00014522838668888421,0.00019027653756708402,0.00028302689947055633,tBodyAccJerkMag-arCoeff()3,0.07768798884283526,0.0012903225142508745,0.0004247634205967188,clf
0.00018387495677605188,0.00023291263557246566,0.000388854332344372,tBodyAccJerkMag-arCoeff()4,0.0919956946868434,0.001274441834539175,0.0005287044332362711,clf
0.0015531099496904506,0.0007355567598075568,0.0035264057323391045,tBodyGyroMag-mean(),0.1998443675023545,9.142969793174416e-05,0.0002823288959916681,clf
0.0006985232834116718,0.0004347619981282065,0.0013856969124856045,tBodyGyroMag-std(),0.1007148241079526,0.00040589185664430266,0.0002763218944892287,clf
0.000745180223630186,0.0004387361874913197,0.0012754291982653267,tBodyGyroMag-mad(),0.0682245909729079,0.00034761519054882234,0.0005618633003905416,clf
0.0006582851542452076,0.00039693276108136033,0.0012192154050941991,tBodyGyroMag-max(),0.11955900539228775,0.000339237682055682,0.0004976146155968308,clf
0.0011169021899373934,0.0004262284803903735,0.0020094678619646273,tBodyGyroMag-min(),0.13215627235559246,0.002076095435768366,0.0041607017628848535,clf
0.0011156157438544595,0.0005956564002115759,0.0036360743972809993,tBodyGyroMag-sma(),0.11857772965362895,0.0,0.0,clf
0.0013795812766450785,0.0005375787041301726,0.002092537899823745,tBodyGyroMag-energy(),0.12377546681390245,0.0002970588975585997,0.0019007064402103426,clf
0.0006078541565869379,0.0003732793500707317,0.0010975942916463274,tBodyGyroMag-iqr(),0.15476538415008384,0.002896507503464818,0.003267619758844376,clf
0.0009184616801911178,0.000682586192659879,0.0013665230614835625,tBodyGyroMag-entropy(),0.12980393019417694,0.0029992247000336647,0.004448994994163513,clf
0.000879743605238863,0.0004624122947698536,0.001365722550347052,tBodyGyroMag-arCoeff()1,0.33432624398218513,0.001776556600816548,0.0008625276386737822,clf
0.0003472115416353899,0.00041267831971818073,0.0008166195626927424,tBodyGyroMag-arCoeff()2,0.16547581461764072,0.0009654988534748554,0.0006162578938528893,clf
0.00017962260921558027,0.00023632610862841133,0.00045416196524727053,tBodyGyroMag-arCoeff()3,0.10951824703876108,0.00135030725505203,0.0006407928303815423,clf
0.00023962222547709887,0.00023467943074659948,0.0004732780435447718,tBodyGyroMag-arCoeff()4,0.113956500003541,0.0010105075780302286,0.0005423350958153605,clf
0.0025454414801472803,0.003246784588155469,0.005453919092591535,tBodyGyroJerkMag-mean(),1.2227747880790019,6.617258623009549e-05,0.0001929935096995905,clf
0.0011799953893619178,0.0006660849494982886,0.0016623023464631382,tBodyGyroJerkMag-std(),0.2495002992528467,0.00018254169845022256,0.00030822213739156723,clf
0.0010832450119023225,0.0006867067379578535,0.002848246432347108,tBodyGyroJerkMag-mad(),0.16061277334439553,9.96621820377186e-05,0.00011251593969063833,clf
0.0008932067855922541,0.0002737029559154203,0.002820948728738155,tBodyGyroJerkMag-max(),0.13609274482029227,0.00018312103929929435,0.0003580850316211581,clf
0.0003154105377111417,0.00024270294872412,0.0024210214487881128,tBodyGyroJerkMag-min(),0.0605730994709424,0.0012666902039200068,0.0013141259551048279,clf
0.0043706229949417395,0.002740725332682478,0.013217140648716898,tBodyGyroJerkMag-sma(),0.6163935173836432,0.0,0.0,clf
0.001252105279125143,0.0016217314445871093,0.004429495210948717,tBodyGyroJerkMag-energy(),0.12523567051955234,7.399621972581372e-05,0.00019224395509809256,clf
0.0018207638056629445,0.0022025330111403447,0.003647944933724248,tBodyGyroJerkMag-iqr(),0.09004764901226514,0.00029739612364210183,0.0006227311096154152,clf
0.0005310296733007861,0.0004103272385691698,0.006221615202065969,tBodyGyroJerkMag-entropy(),0.10476766139226176,0.00040540017653256655,0.0007730657234787941,clf
0.0004991704904133971,0.00039123319917594576,0.0008069767606444659,tBodyGyroJerkMag-arCoeff()1,0.03816855597271347,0.002482077805325389,0.0015294181648641825,clf
0.00049309568311564,0.0003961606558855125,0.0010005044866477654,tBodyGyroJerkMag-arCoeff()2,0.16073538030730755,0.0012727086432278154,0.0005911345360800624,clf
0.0001609076698634579,0.00025499207059424887,0.00030098685751346404,tBodyGyroJerkMag-arCoeff()3,0.07903301791335708,0.00123273185454309,0.0004916848847642541,clf
0.00032606857012199133,0.0003395517008896418,0.0008153327056335157,tBodyGyroJerkMag-arCoeff()4,0.07322430623909001,0.0014663721667602658,0.0006393261137418449,clf
0.002814375615724322,0.003920196766144993,0.008805801137306397,fBodyAcc-mean()-X,2.0618699501617224,0.0005292358691804111,0.0005446419818326831,clf
0.0027344142373432216,0.0013511275839886135,0.003188916846732226,fBodyAcc-mean()-Y,0.11084461724502193,0.0002146094338968396,0.00031073042191565037,clf
0.0007123396553922406,0.0005387905651264683,0.0030351819750592327,fBodyAcc-mean()-Z,0.0980039843149096,0.0003054130938835442,0.0006494204280897975,clf
0.003129008423977457,0.005056134175955261,0.013474853514944379,fBodyAcc-std()-X,1.7989851380156616,0.0019913578871637587,0.025718506425619125,clf
0.0015569211219794929,0.0008698332332066951,0.0039934021859513785,fBodyAcc-std()-Y,0.4852596420590812,0.003095759777352214,0.02362104877829552,clf
0.0016039793548853285,0.0008819723668278221,0.0029402696992543802,fBodyAcc-std()-Z,0.3771652681636606,0.0004965714178979397,0.0008928384631872178,clf
0.004396329226968176,0.00585439958115105,0.0163107288285368,fBodyAcc-mad()-X,1.6336713947578758,0.0008748054387979209,0.006409568712115289,clf
0.002683754629461763,0.0016987401441411574,0.003344258114059805,fBodyAcc-mad()-Y,0.195496815750685,0.00035566664882935584,0.0007242718711495402,clf
0.001480394699818794,0.0009478603697281213,0.0020196798089074687,fBodyAcc-mad()-Z,0.20670048437200125,0.0005124575109221041,0.0016112026060000062,clf
0.003972748034823693,0.0052276333146798176,0.012614162335802741,fBodyAcc-max()-X,2.207581141523796,0.0069877104833722115,0.2068879008293152,clf
0.001469359961023814,0.0011736277545716625,0.0033726971235533976,fBodyAcc-max()-Y,0.5499517634651927,0.0027475112583488226,0.01108610723167658,clf
0.0012489063397881984,0.0009456929950582127,0.0023771128022148412,fBodyAcc-max()-Z,0.444718953509574,0.003875972237437964,0.02644919976592064,clf
0.0003556259207928165,0.00018026750796399247,0.0006983236205886497,fBodyAcc-min()-X,0.0499099900564488,0.0008016001083888112,0.0003914671833626927,clf
0.00017800282939985782,0.00013316608144286476,0.0003497403442982514,fBodyAcc-min()-Y,0.05605687048947276,0.0008989194175228477,0.0006921717431396246,clf
0.0004396289845102477,0.00015762990684264569,0.00046816442655738937,fBodyAcc-min()-Z,0.06037188373292799,0.0006859512650407853,0.0003281402750872076,clf
0.0009067935834417998,0.0028540384290066173,0.004727847689523846,fBodyAcc-sma(),0.3058085610787102,0.00028190785087645054,0.0010406567016616464,clf
0.004354979368471276,0.005022118227419514,0.012731304805364257,fBodyAcc-energy()-X,3.5301662810514642,0.0,0.0,clf
0.001680032794491583,0.0011806259624856346,0.0027682463920187307,fBodyAcc-energy()-Y,0.3659366794705712,0.0,0.0,clf
0.0013001866669073074,0.0007767158499593125,0.0025095458340510237,fBodyAcc-energy()-Z,0.19619722315622531,0.0,0.0,clf
0.0007534822618203253,0.0025332543856734593,0.00579378623510636,fBodyAcc-iqr()-X,0.5169415139947228,0.0007105714175850152,0.0006209748098626733,clf
0.0022553938954235843,0.0012182100125358855,0.0023116195785787283,fBodyAcc-iqr()-Y,0.06886936847908058,0.0002641060564201325,0.0003157039755024016,clf
0.0006297491113565357,0.000605311104924992,0.0021437946801852186,fBodyAcc-iqr()-Z,0.14165153388017435,0.0005293486756272613,0.0006769586470909418,clf
0.0013880770296480053,0.0014431450846928995,0.00931767552601826,fBodyAcc-entropy()-X,2.210647947518,0.00014897408254910258,0.00019091225112788385,clf
0.000756522942078149,0.0018093232468781235,0.0029826965395158564,fBodyAcc-entropy()-Y,0.07597613239236764,0.00043865415500476956,0.0006094175623729825,clf
0.001005348923657237,0.0009422408658489967,0.0016163799822213336,fBodyAcc-entropy()-Z,0.14615321485447955,0.000381940248189494,0.0005680644535459577,clf
0.0009208724702871435,0.0004750966625372769,0.002454435293839009,fBodyAcc-maxInds-X,0.24129975347326,0.0011735591106116776,0.00279448670335114,clf
0.0009009738887347787,0.0008089231395824668,0.001757172811616213,fBodyAcc-maxInds-Y,0.5724388842236378,0.000744254677556455,0.0008925360743887722,clf
0.00022082821763952184,0.0002322848975752019,0.0006571428405245031,fBodyAcc-maxInds-Z,0.15455996009177314,0.0006702765822410582,0.0009684226824901998,clf
0.0020399049461195377,0.001485883519789625,0.004378982732950863,fBodyAcc-meanFreq()-X,0.2375189331199224,0.0009081593016162516,0.0008265432552434504,clf
0.0005588655375713098,0.0014111220132681005,0.0030531317064407828,fBodyAcc-meanFreq()-Y,0.470800141698444,0.0010395395802333947,0.0009308341541327537,clf
0.0026116870133993503,0.0028892196482530703,0.0059849988057516755,fBodyAcc-meanFreq()-Z,2.6683028456501163,0.00407261261716485,0.00976981408894062,clf
0.00198261293997389,0.00213583833725297,0.003835349360738335,fBodyAcc-skewness()-X,0.7302338134265289,0.0030095092952251434,0.10218778997659683,clf
0.001373294963238797,0.00215494817735015,0.004666694296918249,fBodyAcc-kurtosis()-X,0.625023910408985,0.0014747397508472204,0.0038673551753163338,clf
0.002219232117712664,0.0020335352282190725,0.004415481016989598,fBodyAcc-skewness()-Y,0.9900394515037514,0.002695145783945918,0.0061165080405771715,clf
0.001264304009993494,0.0015474218491745748,0.004283120377873657,fBodyAcc-kurtosis()-Y,0.6686007793224366,0.0007940289797261357,0.0015730195445939898,clf
0.000837970923991083,0.0009454020679496324,0.002360549472673059,fBodyAcc-skewness()-Z,0.4693826812710716,0.002051590709015727,0.0016314424574375153,clf
0.0006781439258981473,0.0007541482049540737,0.0014819641088429474,fBodyAcc-kurtosis()-Z,0.6840221729632184,0.0006205132813192902,0.0006061740568839014,clf
0.006500676141810525,0.004995354744498399,0.016213360142986098,"fBodyAcc-bandsEnergy()-1,8",2.8522377989751697,0.009937620721757412,0.12162447720766068,clf
0.004346902221340399,0.002116930586573701,0.010950249950619977,"fBodyAcc-bandsEnergy()-9,16",0.34427451167690826,0.0018931905506178735,0.003936627879738808,clf
0.0005172484567004909,0.0007682311135207966,0.002548583277122893,"fBodyAcc-bandsEnergy()-17,24",0.10704530437548616,0.0004727689374703914,0.0007145500276237726,clf
0.00021542810859832262,0.0006632681928590656,0.0018404788554523788,"fBodyAcc-bandsEnergy()-25,32",0.041056697689151656,0.0004552876052912325,0.00027021070127375424,clf
0.0009830308017710805,0.0007517605875054808,0.0009560113459983416,"fBodyAcc-bandsEnergy()-33,40",0.2527267458469747,0.0006465371116064488,0.0006136437878012657,clf
0.0008808167797494073,0.0003815062035977334,0.0010365949247340526,"fBodyAcc-bandsEnergy()-41,48",0.12221788514482294,0.0005461348337121309,0.0007648402242921293,clf
0.00015499522198483384,0.000322022031707288,0.00036414182579689317,"fBodyAcc-bandsEnergy()-49,56",0.06714126926220879,0.0005048104212619363,0.000359821948222816,clf
0.0005617063960369918,0.00022028747401365762,0.0005699947174609174,"fBodyAcc-bandsEnergy()-57,64",0.09223527647860216,0.0003632314328569919,0.00031836156267672777,clf
0.009786035958100271,0.006228099127121308,0.014848005507343519,"fBodyAcc-bandsEnergy()-1,16",3.6624004077578176,0.0008412277675233781,0.002571314573287964,clf
0.0003806632133516582,0.0017247745607306172,0.008979666430812116,"fBodyAcc-bandsEnergy()-17,32",0.14050852174865766,0.0003552231064531952,0.00032156932866200805,clf
0.0006085674963836312,0.000426658645047683,0.0012810873864625176,"fBodyAcc-bandsEnergy()-33,48",0.12682359302561022,0.0005954527878202497,0.0010155666386708617,clf
0.0007852663605502115,0.00022442606486112367,0.0010765986755340241,"fBodyAcc-bandsEnergy()-49,64",0.07752983243472167,0.00029771853587590163,0.00017397206102032214,clf
0.0061380989030943856,0.005406902318439105,0.013463955905750264,"fBodyAcc-bandsEnergy()-1,24",3.8093984795190026,0.00016462519124615935,0.0007612063782289624,clf
0.0022978791841348147,0.0004031912721028233,0.002393343380818235,"fBodyAcc-bandsEnergy()-25,48",0.0934129098308895,0.00038094472256489103,0.0003377511748112738,clf
0.0019479516036336301,0.0018785774327230093,0.005185503206809018,"fBodyAcc-bandsEnergy()-1,8.1",0.3477420797356148,0.002552749123424292,0.017875494435429573,clf
0.003547363823607067,0.001394405583671722,0.006423078964710139,"fBodyAcc-bandsEnergy()-9,16.1",0.5075363568971208,0.002060218248516321,0.016420168802142143,clf
0.0009820908865905953,0.000993740960831408,0.003876840022479224,"fBodyAcc-bandsEnergy()-17,24.1",0.1671671210813212,0.0007768803625367582,0.0017021311214193706,clf
0.00029953686563749467,0.0006841788112558643,0.0009568113221005018,"fBodyAcc-bandsEnergy()-25,32.1",0.2988259359636318,0.00044749217340722686,0.00044724796316586435,clf
0.0009295602002831274,0.00021412329305659392,0.0008733597019958672,"fBodyAcc-bandsEnergy()-33,40.1",0.08619419839061251,0.00024756992934271693,0.0001914081221912056,clf
0.00046722137559273604,0.00027339184967573217,0.0007177933672982276,"fBodyAcc-bandsEnergy()-41,48.1",0.07578356874406238,0.0003218749188818037,0.00020148763724137098,clf
0.0003698997648904384,0.00019630322617532263,0.0006503065653993114,"fBodyAcc-bandsEnergy()-49,56.1",0.09535596889120973,0.0005051096668466926,0.0006636655889451504,clf
0.0001656685302782003,0.00015822034588069603,0.00048497004013125486,"fBodyAcc-bandsEnergy()-57,64.1",0.04020720814726977,0.00046303163981065154,0.00030292704468592996,clf
0.0014548798504208124,0.0008998788795965179,0.002839148482166718,"fBodyAcc-bandsEnergy()-1,16.1",0.4896783551672413,0.00013205686991568655,0.00036606774665415287,clf
0.002129774525148901,0.001082631903248333,0.004260115187488764,"fBodyAcc-bandsEnergy()-17,32.1",0.32052618273381256,0.00025582831585779786,0.0007623546407558024,clf
0.000478527179666604,0.00029878915734667664,0.0007342557331153622,"fBodyAcc-bandsEnergy()-33,48.1",0.15373918997151315,0.00015777656517457217,0.00016712750948499888,clf
0.0002972394112271212,0.0002200811740494105,0.0007144777690047397,"fBodyAcc-bandsEnergy()-49,64.1",0.09651590399994588,0.00023211518418975166,0.00021345163986552507,clf
0.000854831555901013,0.0007927219033497121,0.002656245042199209,"fBodyAcc-bandsEnergy()-1,24.1",0.4721711633335602,0.00011585703032324092,0.0006849842611700296,clf
0.00033977555214802484,0.0003245407384808926,0.0008877822552115367,"fBodyAcc-bandsEnergy()-25,48.1",0.25446743270805405,0.0002485732547938824,0.00024389427562709898,clf
0.002563113371998982,0.0012746963633946634,0.004153537585017633,"fBodyAcc-bandsEnergy()-1,8.2",0.7953532487478403,0.006252816412597896,0.2909699380397797,clf
0.001089205412900492,0.0003925389800038109,0.0017505901740915626,"fBodyAcc-bandsEnergy()-9,16.2",0.23044590547299765,0.0006925180787220597,0.006616473197937012,clf
0.002293733499068427,0.0009717934016331897,0.0034717171241026358,"fBodyAcc-bandsEnergy()-17,24.2",0.3887142473749451,0.0008124291198328137,0.004634996876120567,clf
0.000912527814595874,0.0009638153313399607,0.002154228318415509,"fBodyAcc-bandsEnergy()-25,32.2",0.18802336839296632,0.0005541184218600391,0.0006955412100069225,clf
0.0003904320459603268,0.0003152509481798895,0.0006931843583934231,"fBodyAcc-bandsEnergy()-33,40.2",0.17982855577498305,0.0006201492506079376,0.0005363804521039128,clf
0.0004119171215961397,0.00021579515986140183,0.0006523046177760192,"fBodyAcc-bandsEnergy()-41,48.2",0.11223977777316588,0.00030624124337919056,0.0003412548394408076,clf
0.00021636185954125052,0.00020601685439152064,0.0008167105163445277,"fBodyAcc-bandsEnergy()-49,56.2",0.09407228807237444,0.0009016052354127168,0.001806560903787613,clf
0.000421248248191112,0.00020212614989327608,0.00039575508999407016,"fBodyAcc-bandsEnergy()-57,64.2",0.1674786328588434,0.0006364641012623906,0.0004934772150591017,clf
0.0010218325608820759,0.0011314775292139234,0.002637223208629678,"fBodyAcc-bandsEnergy()-1,16.2",0.4160249691571473,0.00029676820849999785,0.000581878877710551,clf
0.0009067824253822363,0.0016577912344372208,0.0029805717121120013,"fBodyAcc-bandsEnergy()-17,32.2",0.746484667142741,0.001312870648689568,0.012739020399749279,clf
0.0005428557578172742,0.0002708862573327074,0.0009164959453234557,"fBodyAcc-bandsEnergy()-33,48.2",0.1335283655821055,0.00024027196923270824,0.00028550607385113835,clf
0.0004099957461581735,0.0002157137381319113,0.0005991458986238555,"fBodyAcc-bandsEnergy()-49,64.2",0.09982887580418223,0.000239511369727552,0.0002042806736426428,clf
0.0010370292000592297,0.0007345966169047057,0.0023038980654114844,"fBodyAcc-bandsEnergy()-1,24.2",0.13587028927311176,0.0,0.0,clf
0.0008441158097608497,0.0008957831654728928,0.0035153613340629165,"fBodyAcc-bandsEnergy()-25,48.2",0.3674515670316848,0.0002732576103881001,0.0003076368011534214,clf
0.006349591415505256,0.003657007432260175,0.01608931490295631,fBodyAccJerk-mean()-X,1.0035255904357112,0.00010735941032180564,0.00022903893841430542,clf
0.0017812713511065547,0.002788108913522243,0.010410501120136115,fBodyAccJerk-mean()-Y,0.8283775718073816,0.00032365589868277317,0.0008038416272029282,clf
0.0027917730438500386,0.002320744631791602,0.0052809433865593615,fBodyAccJerk-mean()-Z,0.31153787556432105,0.0004383112827781588,0.002211105078458786,clf
0.005139603432256074,0.004255481007726357,0.020271403617725968,fBodyAccJerk-std()-X,1.466109608946788,0.0001822634367272257,0.0002583460882306099,clf
0.010011522344270595,0.002885359534014241,0.014998411345972825,fBodyAccJerk-std()-Y,0.7307161995481982,0.003646713681519032,0.3458843529224396,clf
0.0009898838893084288,0.0006852906765428738,0.0035224522275601796,fBodyAccJerk-std()-Z,0.5789585798502559,0.0012547636870294812,0.011533781886100769,clf
0.005069698205390551,0.003979190658429235,0.014446988580300269,fBodyAccJerk-mad()-X,4.8489739567934365,0.00018232838192488998,0.0001813539856811985,clf
0.0017990965600709445,0.003271292960931529,0.007333289357973986,fBodyAccJerk-mad()-Y,1.489690883573196,0.0010692302603274584,0.0089152492582798,clf
0.0007926431681915782,0.0018186098036552351,0.002277082608323992,fBodyAccJerk-mad()-Z,0.4761327708524536,0.001024151686578989,0.010173722170293331,clf
0.0025773427919269557,0.003247070525681221,0.012172712410232371,fBodyAccJerk-max()-X,2.551906234987706,0.0003720629028975964,0.0006071213865652678,clf
0.0037198419982421055,0.0025666566314425233,0.0056432096158369645,fBodyAccJerk-max()-Y,1.524606347507618,0.000735331152100116,0.016898760572075844,clf
0.0010651080665465297,0.0013153085608361276,0.0063176078938671065,fBodyAccJerk-max()-Z,0.2545050536027544,0.000636725511867553,0.00247136945836246,clf
0.00032977349782877284,0.00012346376573466115,0.0005014670767820243,fBodyAccJerk-min()-X,0.06751387675194667,0.0006865984760224817,0.000568264746107161,clf
0.00024706972725731274,0.00014091013339664974,0.0003225942833577734,fBodyAccJerk-min()-Y,0.06276182393307443,0.0005951796774752437,0.00047018870827741926,clf
0.00022427524273195825,0.00014011037294189404,0.00036014037709646766,fBodyAccJerk-min()-Z,0.11772677144803236,0.0008454754715785384,0.000567066774237901,clf
0.0014751661478005055,0.003003240351551479,0.007810178642618031,fBodyAccJerk-sma(),4.119685738747816,5.77920836803969e-05,0.00022087695833761245,clf
0.006021335543065561,0.007006212054055758,0.015884985234652906,fBodyAccJerk-energy()-X,3.368897912512573,0.0,0.0,clf
0.003961710127803204,0.003667637308982121,0.0060209221365592255,fBodyAccJerk-energy()-Y,2.4383509190350745,0.0,0.0,clf
0.002002145672930468,0.0016835259249754972,0.0073268775044656904,fBodyAccJerk-energy()-Z,0.3431451545670656,0.0,0.0,clf
0.004930313316657435,0.0023042503321848984,0.012629881284058337,fBodyAccJerk-iqr()-X,0.14504301137853332,0.0004063416854478419,0.00033829652238637214,clf
0.000711500380997772,0.0012209130982528355,0.005192643517864757,fBodyAccJerk-iqr()-Y,0.3497048769477001,0.0003815878590103239,0.00035614031367003923,clf
0.0006424201809206265,0.00040481964574102446,0.0016485201778621294,fBodyAccJerk-iqr()-Z,0.2831425258516492,0.000555461912881583,0.0008997986442409457,clf
0.002720225075157235,0.002639923718563713,0.010529191973349162,fBodyAccJerk-entropy()-X,1.217655523227038,7.464510417776182e-05,9.666132245911284e-05,clf
0.0008755884177507497,0.0012661501686959571,0.008202992155672651,fBodyAccJerk-entropy()-Y,0.1070647530416454,0.0002819808141794056,0.00045301814679987723,clf
0.0015232182610010875,0.001258625472554695,0.0032023374326432107,fBodyAccJerk-entropy()-Z,0.18087008990180306,0.0001733287936076522,0.0006077334401197731,clf
0.0015027424133405734,0.002583106103977257,0.0058558771543100975,fBodyAccJerk-maxInds-X,1.80176192480763,0.0010449141263961792,0.0019297491526231168,clf
0.00026549370411537777,0.0002913410246444205,0.0005888731817325299,fBodyAccJerk-maxInds-Y,0.2033108910808544,0.000950391637161374,0.0006759723764844239,clf
0.0009468538911835004,0.0013082437952329586,0.0032785310594319016,fBodyAccJerk-maxInds-Z,0.35464876016057323,0.0021781218238174915,0.0025528084952384233,clf
0.0008008580283946423,0.00038286804783244246,0.0015207432173709539,fBodyAccJerk-meanFreq()-X,0.2218230020764268,0.001437374739907682,0.002234729938209057,clf
0.001309439529842452,0.0002749271516062972,0.0010356579573627296,fBodyAccJerk-meanFreq()-Y,0.19441188732948184,0.0010350310476496816,0.0008167018531821668,clf
0.0005541149939435309,0.000423849314562463,0.0012247903058227431,fBodyAccJerk-meanFreq()-Z,0.27325145666152995,0.002691029570996761,0.00296301138587296,clf
0.00022679688043910484,0.00028095196062507996,0.0005713689897042041,fBodyAccJerk-skewness()-X,0.19014776062670652,0.0016854710411280394,0.0012956077698618176,clf
0.00013000841958570215,0.00024383551893439952,0.00041494420131084526,fBodyAccJerk-kurtosis()-X,0.11748797158395766,0.001363949035294354,0.0011560022830963135,clf
0.0003342303610689959,0.00035255522121311423,0.0008843387928818459,fBodyAccJerk-skewness()-Y,0.3248827499061144,0.0012995171127840874,0.0007154596387408674,clf
0.0003242026581369641,0.0002372616283510545,0.0006643104804256175,fBodyAccJerk-kurtosis()-Y,0.5335278653286151,0.0007194148492999375,0.0003408625489100814,clf
0.00026471635391411656,0.00029147612779763926,0.0009349779580455893,fBodyAccJerk-skewness()-Z,0.37177425979962175,0.0020309709943830967,0.0010161905083805325,clf
0.0002576905943702577,0.00017576225005028266,0.0006107950352073932,fBodyAccJerk-kurtosis()-Z,0.14039794822990534,0.0006779320538043978,0.0002865172573365272,clf
0.007092316723304475,0.009563230253354829,0.023655897690340943,"fBodyAccJerk-bandsEnergy()-1,8",6.892194526412749,0.0008702389313839376,0.002504752948880196,clf
0.0016609135638532447,0.0020466877783841338,0.011776356896685831,"fBodyAccJerk-bandsEnergy()-9,16",1.7219539711950618,0.0012650468852370975,0.0017229705117642884,clf
0.004144731112199855,0.0007156742980623912,0.010614931764882492,"fBodyAccJerk-bandsEnergy()-17,24",0.2818006002989108,0.0006153158028610051,0.001900594332255423,clf
0.0005348371288895606,0.00021832515957263422,0.005396882779581267,"fBodyAccJerk-bandsEnergy()-25,32",0.09889529439246507,0.0004215293738525362,0.0004536424530670047,clf
0.0009161823563889052,0.0003249256964754934,0.0054576866604650965,"fBodyAccJerk-bandsEnergy()-33,40",0.25484913623770605,0.00031484858482144773,0.0007953295134939253,clf
0.0024248683401522785,0.0003866768962894556,0.005457743581283196,"fBodyAccJerk-bandsEnergy()-41,48",0.10898761519989167,0.0005113722872920334,0.0005419237422756852,clf
0.002153526190790542,0.0022954704574279115,0.0020840402866496217,"fBodyAccJerk-bandsEnergy()-49,56",0.1090868570028942,0.0003972891718149185,0.000282260647509247,clf
0.00013890828541803112,0.00013264477484564236,0.00033747984925358457,"fBodyAccJerk-bandsEnergy()-57,64",0.11219784185503108,0.0007351282401941718,0.00041943445103242993,clf
0.007381435877355322,0.004599309800033493,0.021452310866176428,"fBodyAccJerk-bandsEnergy()-1,16",3.6310653109493267,0.0004888300900347531,0.0005556732648983598,clf
0.00214061307368688,0.0019503532027543074,0.005753281200560466,"fBodyAccJerk-bandsEnergy()-17,32",0.2649828871745444,0.00023981205595191568,0.000310727977193892,clf
0.0005414276359764829,0.0018620066283521614,0.0012299164718496815,"fBodyAccJerk-bandsEnergy()-33,48",0.2449324973867447,0.00026388341211713845,0.00044093886390328407,clf
0.00036332913242304537,0.0010195827945718712,0.0005138994684402506,"fBodyAccJerk-bandsEnergy()-49,64",0.14416531053327747,9.109538223128766e-05,6.987799861235544e-05,clf
0.006220306074930107,0.0043383635136617655,0.01336197924705751,"fBodyAccJerk-bandsEnergy()-1,24",6.051397276952224,0.00017417124763596803,0.00029520032694563264,clf
0.0026634293427255235,0.0012563446637929652,0.0024907367684417073,"fBodyAccJerk-bandsEnergy()-25,48",0.13882058392584445,0.0002640438033267856,0.00029513202025555085,clf
0.004719976966029506,0.0017884900079487317,0.007758809120147412,"fBodyAccJerk-bandsEnergy()-1,8.1",0.16908654618311292,0.0013378540752455592,0.0017314034048467875,clf
0.0028579779886363627,0.0014222213691100268,0.003232592286297001,"fBodyAccJerk-bandsEnergy()-9,16.1",0.34027045475510753,0.001364905619993806,0.012671169824898243,clf
0.002298356157042076,0.0008803387702391533,0.004274226303934806,"fBodyAccJerk-bandsEnergy()-17,24.1",0.4048779569194522,0.0007111147278919816,0.0016854110872372985,clf
0.00026352611940202704,0.0003795864145516936,0.0008452590566390858,"fBodyAccJerk-bandsEnergy()-25,32.1",0.25606461807483666,0.00029838827322237204,0.00027922779554501176,clf
0.00030032090205677885,0.0006618739596927439,0.0005709414475218487,"fBodyAccJerk-bandsEnergy()-33,40.1",0.1812126327996454,0.00023208891798276451,0.0003101164475083351,clf
0.0004205503744301916,0.0006387122539417987,0.0032168755964135675,"fBodyAccJerk-bandsEnergy()-41,48.1",0.23698924871639104,0.0003971674013882875,0.0005737168248742819,clf
0.000456904471917458,0.00022039106856721163,0.000596315808302492,"fBodyAccJerk-bandsEnergy()-49,56.1",0.1169276346865035,0.00042997876880690455,0.00027749178116209805,clf
0.00024513854906920687,0.00013613497731414568,0.0003284093374772513,"fBodyAccJerk-bandsEnergy()-57,64.1",0.06235345144841733,0.0011181924492120745,0.0005903650890104473,clf
0.002601825531010968,0.003058247495783989,0.013480862548924036,"fBodyAccJerk-bandsEnergy()-1,16.1",1.58391731117574,0.00026475227787159383,0.0004585602146107704,clf
0.002377408390735108,0.0023090410294782913,0.0045057638291186464,"fBodyAccJerk-bandsEnergy()-17,32.1",0.5943780033833566,0.000405643746489659,0.0013940606731921437,clf
0.0006459835606146369,0.0015538429827603858,0.003781174514577192,"fBodyAccJerk-bandsEnergy()-33,48.1",0.3145156816658036,0.0002740838681347668,0.0007414074498228729,clf
0.0002642372530088598,0.000181587211231526,0.0006756578371672336,"fBodyAccJerk-bandsEnergy()-49,64.1",0.07647531497061708,0.00012370152398943898,0.0001294840476475656,clf
0.0032046588707160665,0.0027863836526013557,0.007442171969281294,"fBodyAccJerk-bandsEnergy()-1,24.1",0.5617637954701454,0.0009322154219262305,0.0611206628382206,clf
0.0005556253924946287,0.0003605970184973536,0.0010805630834193867,"fBodyAccJerk-bandsEnergy()-25,48.1",0.20644829256054184,0.0003146461385767907,0.0006040700827725233,clf
0.0052220627713052215,0.0021030084451032077,0.010055225829907454,"fBodyAccJerk-bandsEnergy()-1,8.2",0.16412039624639022,0.007945842109620571,0.041823185980319984,clf
0.0010553509758069203,0.0005499194097472183,0.0030878491062627,"fBodyAccJerk-bandsEnergy()-9,16.2",0.25745808995219643,0.0009439387358725072,0.01837564446032048,clf
0.0021279236112305305,0.0012248802728943356,0.004547235215447111,"fBodyAccJerk-bandsEnergy()-17,24.2",0.685274651964106,0.0007635438232682643,0.006784447003155947,clf
0.0009769863212829527,0.0006398528995422353,0.001896840115434804,"fBodyAccJerk-bandsEnergy()-25,32.2",0.4296305342638786,0.00047186159645207226,0.001252426183782518,clf
0.0004143412246896765,0.00035036004313887385,0.002242742552531422,"fBodyAccJerk-bandsEnergy()-33,40.2",0.3763744545747656,0.0008450297173112631,0.000966412655543536,clf
0.0009484000038478207,0.00024445618567017964,0.0012726645784830605,"fBodyAccJerk-bandsEnergy()-41,48.2",0.21651353511701665,0.0008179814321920278,0.0008549191406928003,clf
0.0004654067509249205,0.00030862277754945536,0.0008936524696040533,"fBodyAccJerk-bandsEnergy()-49,56.2",0.22459833244283492,0.0004218601970933378,0.0005077752866782248,clf
0.0002701029654110541,0.00013166696156965597,0.00035377210158056587,"fBodyAccJerk-bandsEnergy()-57,64.2",0.0990151998380482,0.0007457204628735781,0.0011306103551760314,clf
0.0008160987302907918,0.0013275421525318248,0.00470675224175133,"fBodyAccJerk-bandsEnergy()-1,16.2",0.2475146304359866,0.0007456462481059134,0.0016514983726665378,clf
0.0020239293225133397,0.001355981830436986,0.0061956834274048975,"fBodyAccJerk-bandsEnergy()-17,32.2",1.5156573395856436,0.002277445048093796,0.02543097361922264,clf
0.0005346159159722576,0.00031738442975977115,0.0014147517970157686,"fBodyAccJerk-bandsEnergy()-33,48.2",0.2547579928831336,0.00032293700496666133,0.0005116258398629725,clf
0.0005397850864295087,0.0002686252804195946,0.0012408639582755252,"fBodyAccJerk-bandsEnergy()-49,64.2",0.2405817641564641,0.0001898872433230281,0.0006556190201081336,clf
0.0011705091665102,0.0017735436060517472,0.002973813425535864,"fBodyAccJerk-bandsEnergy()-1,24.2",0.5044548721583321,0.00046243096585385496,0.0035960867535322905,clf
0.0012478469347310464,0.0005279206337809476,0.00285281073528204,"fBodyAccJerk-bandsEnergy()-25,48.2",0.38882921333948745,0.00040443133912049234,0.0008719415636733174,clf
0.0029005344610404035,0.0025588742346971264,0.006593122581543482,fBodyGyro-mean()-X,0.34819549113480963,0.000653248920571059,0.0013925163075327873,clf
0.0012059944451349716,0.0014704439783737554,0.0018429797763641399,fBodyGyro-mean()-Y,0.22362473135345806,0.0002400520461378619,0.00044148886809125537,clf
0.0008874324316835704,0.0011013294678727495,0.004498059811479987,fBodyGyro-mean()-Z,0.2659172639942657,0.00044626425369642675,0.0009092601248994473,clf
0.002706370589215064,0.00329736416162235,0.007114168962701712,fBodyGyro-std()-X,0.26993782413791256,0.00241563911549747,0.01486632227897644,clf
0.00100817361537179,0.0006505621393973599,0.002352262240726189,fBodyGyro-std()-Y,0.6881573102260383,0.0003640067297965288,0.0005235676653683187,clf
0.0013587855364369547,0.0012496218781436544,0.0032886000582641483,fBodyGyro-std()-Z,0.6377695623837148,0.00045501158456318086,0.002125177765265107,clf
0.0032323601003650393,0.0023300683959038785,0.006163152750248419,fBodyGyro-mad()-X,0.32410526380903504,0.003151964163407684,0.1081692948937416,clf
0.0008130732599492382,0.0005967668941414745,0.0029311594557276084,fBodyGyro-mad()-Y,0.2170368087776353,0.00047293669194914406,0.0008524601580575109,clf
0.0009410734426766068,0.0007685211133486927,0.0032682349589787107,fBodyGyro-mad()-Z,0.29652288169669483,0.00029032115708105266,0.0006306412979029119,clf
0.0020320297781450656,0.0032522281004298357,0.006919841605018044,fBodyGyro-max()-X,0.38027880500418704,0.0051854425109922895,0.03220171481370926,clf
0.0010458585960718967,0.0013114429200449652,0.0024831616589207585,fBodyGyro-max()-Y,1.5389311164340749,0.0038208067417144775,0.01088043674826622,clf
0.0019810292342420078,0.0016291196131091256,0.004629395531052192,fBodyGyro-max()-Z,1.9061259987168164,0.008384584449231625,0.06188943609595299,clf
0.000848957765497579,0.0003239666692024169,0.0010818275442098788,fBodyGyro-min()-X,0.0890550368812317,0.0009507370414212346,0.0007515436736866832,clf
0.00015653417128539112,0.00016451158622406603,0.0003696300454699426,fBodyGyro-min()-Y,0.14270631950435836,0.0008087488822638987,0.0005428813165053724,clf
0.0009200373065341252,0.00042880490446387643,0.001339931164007959,fBodyGyro-min()-Z,0.23051704031714504,0.0010844761272892356,0.0022538830526173115,clf
0.0006015457199261594,0.00253600557410815,0.006470861874800895,fBodyGyro-sma(),0.1731786384062817,0.0001078081113519147,0.00010960644431179392,clf
0.004053461928853197,0.003139718407491398,0.008971362673373591,fBodyGyro-energy()-X,0.44245489233608704,0.0,0.0,clf
0.0019280615221777657,0.0015359950381391395,0.0036371119081142047,fBodyGyro-energy()-Y,0.2858573367683734,0.0,0.0,clf
0.0012458283560884626,0.0016237296091570106,0.004465118048164072,fBodyGyro-energy()-Z,0.4507681908620938,0.0,0.0,clf
0.0009510260501846746,0.0007941265219462263,0.0022969344875215987,fBodyGyro-iqr()-X,0.1914571247346609,0.00038078235229477286,0.0004583925183396786,clf
0.0004546745615453845,0.00042138625088188736,0.002324482624847917,fBodyGyro-iqr()-Y,0.18492915198820625,0.00047148353769443935,0.0006330801988951862,clf
0.0022004932771914464,0.00043563638532464083,0.007373567289369272,fBodyGyro-iqr()-Z,0.13772743219418165,0.0006043667090125383,0.0009950266685336828,clf
0.0016384734751783859,0.0018857895257768688,0.00543059450499944,fBodyGyro-entropy()-X,0.2299382767175608,0.0005306147504597902,0.0006330033647827804,clf
0.0007157586535873888,0.000497543569672481,0.002651470241195561,fBodyGyro-entropy()-Y,0.20166054949749287,0.00023210089420899752,0.0003986250958405435,clf
0.0008585368674195987,0.0018109581163121367,0.003122638715179701,fBodyGyro-entropy()-Z,0.07958708482174748,0.0001570782478665933,0.00020220720034558331,clf
0.002240624919549956,0.002147466971552105,0.007402452391826801,fBodyGyro-maxInds-X,1.9565592909673364,0.0054189851507544535,0.07798619568347931,clf
0.001483015686836658,0.0020907846212427027,0.004879245678571465,fBodyGyro-maxInds-Y,1.7167614811074423,0.001229806337505579,0.002995308954268694,clf
0.003002475424466063,0.0037379424773575282,0.011182377607883804,fBodyGyro-maxInds-Z,3.1482604486525063,0.007998199202120304,0.12889903783798218,clf
0.002947199445772437,0.002226174969696143,0.006872474886922149,fBodyGyro-meanFreq()-X,0.42508249712821744,0.010513158515095707,0.03753508999943733,clf
0.0006500743353388758,0.0005343397769216631,0.0009745493259734387,fBodyGyro-meanFreq()-Y,0.3576754730687782,0.0017711182590574024,0.0011353852460160851,clf
0.0013349418153092874,0.0009238522355637678,0.0018957088919806656,fBodyGyro-meanFreq()-Z,0.4345168315601818,0.0010927284602075817,0.0008972660289146006,clf
0.0010385450689933797,0.0008940806150936162,0.002493563369799905,fBodyGyro-skewness()-X,0.3086081588839688,0.0033773563336580987,0.004536315333098172,clf
0.0007611663274086233,0.0005857278537974651,0.0019079418612815203,fBodyGyro-kurtosis()-X,0.34744553367714537,0.0011651330860331655,0.0016891811974346638,clf
0.0010721870010900183,0.0011951590209899705,0.002398185812641407,fBodyGyro-skewness()-Y,2.5062285132632405,0.0046421014703810215,0.008490717969834805,clf
0.0014428101158128856,0.0008844448793038629,0.0021318829934351166,fBodyGyro-kurtosis()-Y,2.517897879209518,0.0025613156612962484,0.004914103075861931,clf
0.0012667535156324016,0.0014616565201205204,0.0033486880253279965,fBodyGyro-skewness()-Z,0.7148116845040071,0.004733727779239415,0.009098714217543602,clf
0.001199665043889964,0.0009603248518867336,0.002936038704421064,fBodyGyro-kurtosis()-Z,1.390265675136556,0.002062321174889803,0.004777953028678894,clf
0.0036421261985345186,0.0029924129175935,0.008165742458210853,"fBodyGyro-bandsEnergy()-1,8",0.6131320686377264,0.002558104693889618,0.00816416833549738,clf
0.003736807424325128,0.0017430143713324411,0.006310307091737311,"fBodyGyro-bandsEnergy()-9,16",0.8604969848574624,0.00439372006803751,0.01208687573671341,clf
0.0009627214340145158,0.0006492423082969358,0.0020376026848215327,"fBodyGyro-bandsEnergy()-17,24",0.27821068646013103,0.0006296022329479456,0.0006222520605660975,clf
0.0005297645952475484,0.00040052551872008467,0.000976364540679706,"fBodyGyro-bandsEnergy()-25,32",0.40428403073005936,0.0004890639102086425,0.000459737639175728,clf
0.0010453650466380883,0.0005093036458309647,0.0020978115040520004,"fBodyGyro-bandsEnergy()-33,40",0.3274304278550602,0.0006210572901181878,0.001429172232747078,clf
0.0006163357266296487,0.0006319810712980479,0.002067403220338648,"fBodyGyro-bandsEnergy()-41,48",0.4202252731490232,0.0011673638364300132,0.002861459273844957,clf
0.0011220871167786015,0.000660554199155663,0.001964317568021356,"fBodyGyro-bandsEnergy()-49,56",0.5554878526391608,0.0005965760792605579,0.0007684630108997228,clf
0.0005732289510875728,0.0003841928367249316,0.0014687180751949212,"fBodyGyro-bandsEnergy()-57,64",0.13962245379040658,0.0008022818947210907,0.0010435874573886397,clf
0.004841078512983563,0.0034273338735910245,0.009202175471217164,"fBodyGyro-bandsEnergy()-1,16",0.6406020125204464,0.0011931798653677106,0.033169228583574295,clf
0.0007659832547621579,0.0007029389455267057,0.002294605030011093,"fBodyGyro-bandsEnergy()-17,32",0.6171833899893654,0.00022404344053938985,0.0002767723344732076,clf
0.00099595038699359,0.0007440484241958773,0.0015983727440969716,"fBodyGyro-bandsEnergy()-33,48",0.3916605788382254,0.00034783701994456345,0.0013004917418584228,clf
0.0009012015778953373,0.0006394857492820513,0.0016757301963995926,"fBodyGyro-bandsEnergy()-49,64",0.3159458515624712,0.0002970414643641561,0.00044788821833208203,clf
0.0031053000856635445,0.002822876960782502,0.0065452889294805895,"fBodyGyro-bandsEnergy()-1,24",0.5195434797965742,0.0003639122587628663,0.013691498897969723,clf
0.0005597189259300278,0.000615241759922307,0.002401222051561905,"fBodyGyro-bandsEnergy()-25,48",0.6852758406899115,0.00028973224107176065,0.0006762030534446242,clf
0.0011336134655048464,0.001191927519434509,0.0020824542384414693,"fBodyGyro-bandsEnergy()-1,8.1",3.0847836273829037,0.004443618468940258,0.008508077822625637,clf
0.0007922661594528,0.00033520519256210687,0.0012737319994751682,"fBodyGyro-bandsEnergy()-9,16.1",0.5315833938319134,0.0019092140719294546,0.002868284238502383,clf
0.0008878760613138994,0.0004389320649091088,0.0016325856407316233,"fBodyGyro-bandsEnergy()-17,24.1",0.3161871577021524,0.0006780336261726916,0.0005413618637248874,clf
0.0008125526043002601,0.00044253135514233136,0.0011999256138601126,"fBodyGyro-bandsEnergy()-25,32.1",0.3775622753252316,0.0010568402940407398,0.0010707181645557282,clf
0.0004079866881345915,0.00025334750906807417,0.0009339384086925547,"fBodyGyro-bandsEnergy()-33,40.1",0.24114165184452585,0.00039759205537848175,0.00020920434326399118,clf
0.0006729132959668503,0.00027588969945543636,0.0007185452976744491,"fBodyGyro-bandsEnergy()-41,48.1",0.16183513916733416,0.000297221151413396,0.0003023396129719913,clf
0.0003312859156545775,0.0001852168304774039,0.0007160125336449988,"fBodyGyro-bandsEnergy()-49,56.1",0.11370053698220035,0.00038079629302956164,0.0003803716390393674,clf
0.0003917895891873592,0.00016520896742994382,0.0005956995055718332,"fBodyGyro-bandsEnergy()-57,64.1",0.16628473284167805,0.0007204618887044487,0.0010508086998015642,clf
0.0009320823171597935,0.0011915248074544245,0.0030730388570544016,"fBodyGyro-bandsEnergy()-1,16.1",0.6430040169229589,0.00010814858978847042,0.00019525524112395945,clf
0.0007444564982052067,0.0005391893363907314,0.0014588322616753036,"fBodyGyro-bandsEnergy()-17,32.1",0.3451913584642096,0.00032234686659649014,0.0006069923983886838,clf
0.0004563020081939385,0.00036001547345306244,0.0011386889441445628,"fBodyGyro-bandsEnergy()-33,48.1",0.477841402599552,0.0002150291547877714,0.0001889977720566094,clf
0.0004044405832710714,0.00014557000585423716,0.0006131909679887237,"fBodyGyro-bandsEnergy()-49,64.1",0.2045349405863756,9.932170360116288e-05,0.00017935695359483359,clf
0.0015572797412394645,0.0011184379916096682,0.002332683708842832,"fBodyGyro-bandsEnergy()-1,24.1",0.4882019066072558,4.960287697031163e-05,0.00014056908548809588,clf
0.0008438172278217094,0.0004841019781910914,0.0015625570029151243,"fBodyGyro-bandsEnergy()-25,48.1",0.5161034518226978,0.0002718651667237282,0.0002766861580312252,clf
0.00150666129274996,0.0015107733971013856,0.00413953847872175,"fBodyGyro-bandsEnergy()-1,8.2",1.61006037825048,0.00084483198588714,0.002375108888372779,clf
0.0006959156173270628,0.001013747584417384,0.004406641444098444,"fBodyGyro-bandsEnergy()-9,16.2",0.4522321555451918,0.0006453989772126079,0.0012629082193598153,clf
0.004102963804078072,0.001010073546566006,0.004764765150246858,"fBodyGyro-bandsEnergy()-17,24.2",0.37363342243266606,0.001365243224427104,0.0050393836572766295,clf
0.000696748338341554,0.00046250649597816485,0.001694360648831946,"fBodyGyro-bandsEnergy()-25,32.2",0.382891868771031,0.0006371100316755474,0.001016301685012877,clf
0.00041531843758885537,0.0003683081171783679,0.001288099012681765,"fBodyGyro-bandsEnergy()-33,40.2",0.2070351994298997,0.0004962630337104201,0.0006370292394421995,clf
0.00044230224421166017,0.00032464403498185364,0.0012795444081141964,"fBodyGyro-bandsEnergy()-41,48.2",0.3128601524364101,0.000711179687641561,0.0010759036522358656,clf
0.0008358963283807037,0.0003209105650179061,0.0012437409343796914,"fBodyGyro-bandsEnergy()-49,56.2",0.11835430894295215,0.0003471977834124118,0.0005142875015735626,clf
0.0010601766713426617,0.000467847487175779,0.0015868610329184381,"fBodyGyro-bandsEnergy()-57,64.2",0.28001493717176346,0.00035555122303776443,0.0004653668729588389,clf
0.001704605687444574,0.0012008216621241425,0.004001039149174773,"fBodyGyro-bandsEnergy()-1,16.2",0.5552685565872288,0.00010737254342529924,0.0002619606093503536,clf
0.0020763448659926213,0.0014015597863545532,0.004468252473502526,"fBodyGyro-bandsEnergy()-17,32.2",0.31221448545323816,0.0007438615430146456,0.002035835525020957,clf
0.0004432131039189586,0.0003425701087377357,0.0010852422303425603,"fBodyGyro-bandsEnergy()-33,48.2",0.23717010327136065,0.000363928236765787,0.0005044295103289187,clf
0.0008895555740557643,0.0003992092310344341,0.0014991405473811087,"fBodyGyro-bandsEnergy()-49,64.2",0.2991842317191178,0.00026537833036854863,0.0006584147922694683,clf
0.0010981726979392573,0.0012583990732740605,0.004051715503168929,"fBodyGyro-bandsEnergy()-1,24.2",0.626711546667468,8.23248592496384e-06,9.481545930611901e-06,clf
0.002707634012052568,0.0005937982609630182,0.002967238030932747,"fBodyGyro-bandsEnergy()-25,48.2",0.2023854387426801,0.0010855572763830423,0.002672845963388681,clf
0.003256848476928737,0.0033725275861545487,0.007788262810911502,fBodyAccMag-mean(),5.064198153345992,0.002816906897351145,0.020311454311013225,clf
0.005262833710423849,0.005182411126856727,0.013086447236795732,fBodyAccMag-std(),9.130375914928004,0.006793035659939051,0.1755538135766983,clf
0.00489227265199712,0.005719418491899949,0.01301174728407226,fBodyAccMag-mad(),6.65043201308099,0.007933706045150757,0.3599971532821655,clf
0.003292806104930041,0.0029087810506832784,0.007618341806411711,fBodyAccMag-max(),2.2536594083079526,0.0013571992749348285,0.0035897579509764905,clf
0.0001602483814507887,0.00016794435225219264,0.0003650758320390638,fBodyAccMag-min(),0.2784703419907348,0.0008026124560274184,0.00047012270078994334,clf
0.003743980878176226,0.005554740413006665,0.009494833695356164,fBodyAccMag-sma(),4.168517727342933,0.0,0.0,clf
0.005139456320912019,0.005092140242517229,0.01213002233541346,fBodyAccMag-energy(),10.666903459745498,2.4985009076772258e-05,0.000952117727138102,clf
0.0026155500535248845,0.0016389458648757445,0.006744318097262818,fBodyAccMag-iqr(),1.4227651223202542,0.0012010963400825858,0.002290833275765181,clf
0.0009083699204224373,0.00329859337323378,0.007744448352498348,fBodyAccMag-entropy(),0.9124648356167316,0.00029835544410161674,0.0004376896540634334,clf
0.0006923613549354581,0.00021976717765473684,0.0010642256212529374,fBodyAccMag-maxInds,0.3573086665374622,0.002320082392543555,0.01024034433066845,clf
0.003527871198150185,0.0022072651341298647,0.007210200048326685,fBodyAccMag-meanFreq(),1.9120436886290602,0.002977473894134164,0.007888402789831161,clf
0.000297050888399453,0.00029561843194721534,0.0007330945443352373,fBodyAccMag-skewness(),0.2505413747020692,0.0008030545432120563,0.0004236296226736158,clf
0.00041359852986001295,0.0002983992782575063,0.0005800799048090671,fBodyAccMag-kurtosis(),0.3233166714227099,0.000487965124193579,0.0003462891036178917,clf
0.0012941751609979574,0.0037036163301802593,0.00621138748673678,fBodyBodyAccJerkMag-mean(),0.8348186868009002,8.289844845421612e-05,0.00010279240814270452,clf
0.002042391689172784,0.00227748659015595,0.0060916411522288025,fBodyBodyAccJerkMag-std(),1.6621710896399131,0.0005718371830880643,0.002152899280190468,clf
0.005382366550145305,0.002591191430283721,0.009546196930987749,fBodyBodyAccJerkMag-mad(),0.9483137019449778,0.0001241726422449574,0.0001910594728542492,clf
0.0028012494522325435,0.002256806040522124,0.00539836311655653,fBodyBodyAccJerkMag-max(),1.0928343974354058,0.0019038436003029344,0.011728262528777122,clf
0.00019285842900352199,0.00016889868437279054,0.0003214465741113472,fBodyBodyAccJerkMag-min(),0.2269078088099686,0.0006539123714901508,0.0005576128605753183,clf
0.0029719383793208373,0.0014905489096446304,0.0066867545902186435,fBodyBodyAccJerkMag-sma(),2.9969531568228875,0.0,0.0,clf
0.0066731774783805676,0.002344023340629265,0.008680385038648713,fBodyBodyAccJerkMag-energy(),2.53623710221676,0.0,0.0,clf
0.0003647223163369487,0.0011839582821865464,0.0038271575179406703,fBodyBodyAccJerkMag-iqr(),0.23944087897071525,0.0001741333690006286,0.00023346711532212797,clf
0.002209208805514418,0.0019994437360419674,0.006266480464774528,fBodyBodyAccJerkMag-entropy(),0.4087288117813832,0.0001815712166717276,0.00024850823683664197,clf
0.0005519560921781069,0.00021822369147255603,0.0008728991323069447,fBodyBodyAccJerkMag-maxInds,0.3066916342451489,0.0004951515002176166,0.0006175306625664232,clf
0.00015478274433185633,0.000202198808720414,0.00028423265256065437,fBodyBodyAccJerkMag-meanFreq(),0.3632630886186693,0.0007174934144131839,0.00039925481542013596,clf
0.0010030418628893397,0.0005126386602436972,0.0016376975360683425,fBodyBodyAccJerkMag-skewness(),0.6971621471603026,0.003037097863852977,0.00754297897219658,clf
0.0009467680307291882,0.0005333951976629811,0.0012631772439126586,fBodyBodyAccJerkMag-kurtosis(),0.5978868588556698,0.0018401322886347766,0.003312150714918971,clf
0.000594463713464387,0.00032862488335386983,0.0008148086483921612,fBodyBodyGyroMag-mean(),0.3345641432454588,5.79833795200102e-05,9.177993342746049e-05,clf
0.0006645476592387909,0.0004434544548656215,0.0012685478042614678,fBodyBodyGyroMag-std(),0.7812559243752402,0.0002733665460254997,0.0005338157643564045,clf
0.0008409751228019995,0.0003954923936315139,0.0025289487292106732,fBodyBodyGyroMag-mad(),0.3592135376644106,0.00022385219926945865,0.00029927756986580784,clf
0.000722782816135852,0.0003816194063139077,0.000903584334042408,fBodyBodyGyroMag-max(),0.3340308395590276,0.0009849934140220282,0.0012059081345796585,clf
0.00015078247199465603,0.0002537889074009414,0.0004011369761369022,fBodyBodyGyroMag-min(),0.28667674406670224,0.0007513164891861379,0.00048768401029519737,clf
0.00083631716311756,0.0003966081795342748,0.0009705946648335584,fBodyBodyGyroMag-sma(),0.35248587262844683,0.0,0.0,clf
0.0005515554315336053,0.0004196263775103065,0.0009323439562911043,fBodyBodyGyroMag-energy(),0.4619016920458325,0.0,0.0,clf
0.00046636985227968797,0.00028429307974653823,0.000733071956553424,fBodyBodyGyroMag-iqr(),0.2538238532114378,0.00023162552679423243,0.0002684555947780609,clf
0.0004864113592755281,0.0003246114564342506,0.0009120540772591297,fBodyBodyGyroMag-entropy(),0.2581078163771649,0.000363376660970971,0.0008309193653985858,clf
0.0012184084770133225,0.0010250466524081585,0.003487372948068263,fBodyBodyGyroMag-maxInds,1.0963787789182178,0.002002737717702985,0.0029291773680597552,clf
0.0012704975373182255,0.0019502779007058977,0.004089921546216729,fBodyBodyGyroMag-meanFreq(),1.2510046139340634,0.0020686916541308165,0.0039408328011631966,clf
0.0003636857111072259,0.0003376996570301437,0.0007047960965572954,fBodyBodyGyroMag-skewness(),0.4115088319425964,0.0016065624076873064,0.0010150703601539137,clf
0.00020546255613847097,0.00036836304885347766,0.000631157771728524,fBodyBodyGyroMag-kurtosis(),0.333983649455279,0.0007364677730947733,0.00035453171585686505,clf
0.0009560551831524224,0.0006696159365333961,0.0014106167831859735,fBodyBodyGyroJerkMag-mean(),0.5602491429373784,4.9883459723787375e-05,0.00011461250687716529,clf
0.0008168990338992839,0.0007088347994024286,0.0022171644283970546,fBodyBodyGyroJerkMag-std(),0.35527133918795506,0.0001986008865060285,0.0003769023751374334,clf
0.0006006517352779391,0.0004111752416229165,0.0017155233806168825,fBodyBodyGyroJerkMag-mad(),0.5084401459494864,0.00014907376316841692,0.00020505025167949498,clf
0.0012328758001912464,0.0008993338158962662,0.0017690599112864735,fBodyBodyGyroJerkMag-max(),1.1527395089494994,0.0004631958436220884,0.0005023927660658956,clf
0.00017066230416005096,0.00015983123173245192,0.0004610537260308954,fBodyBodyGyroJerkMag-min(),0.3893611497078749,0.0010070760035887358,0.0005987533368170261,clf
0.0007062132744616731,0.0009025130515867213,0.001429178014217966,fBodyBodyGyroJerkMag-sma(),0.5345338178109468,0.0,0.0,clf
0.0006011861443193056,0.00047400179074125567,0.0013626034580533125,fBodyBodyGyroJerkMag-energy(),1.0472999374735403,0.0,0.0,clf
0.000333381280819644,0.0002481335550390089,0.0009021807117624123,fBodyBodyGyroJerkMag-iqr(),0.354862124169674,0.00013230113836470991,0.00015571402036584914,clf
0.0005731969952819207,0.00029641212970049846,0.0010460559112245122,fBodyBodyGyroJerkMag-entropy(),0.717319298297498,7.436104351654649e-05,0.0001645782176638022,clf
0.00019073400949158766,0.00020300495382567468,0.0005586422154786756,fBodyBodyGyroJerkMag-maxInds,0.5474140168151329,0.00046173037844710047,0.00055230304133147,clf
0.0002963729044649564,0.0002456054486642601,0.000675902974845325,fBodyBodyGyroJerkMag-meanFreq(),0.20103133849733584,0.001307754311710596,0.0012724200496450069,clf
0.0005331801207608671,0.00047924117491203005,0.0011348190290560991,fBodyBodyGyroJerkMag-skewness(),0.6001816659850668,0.0021595247089862823,0.002209196100011468,clf
0.0003135508650071505,0.00046166659545553087,0.0009456950265186297,fBodyBodyGyroJerkMag-kurtosis(),0.4550264797949324,0.0009757517836987972,0.0006308640004135668,clf
0.00017528056677935835,0.00022702059781826026,0.00039859741332420455,"angle(tBodyAccMean,gravity)",0.3808432686742616,0.0012042094022035599,0.0009911617962643504,clf
0.00017983411313907908,0.00017376427575939375,0.0002998266001579723,"angle(tBodyAccJerkMean),gravityMean)",0.3034963359624958,0.0012907771160826087,0.000639645557384938,clf
0.0009329773385206088,0.0007462680534360673,0.001788456397781827,"angle(tBodyGyroMean,gravityMean)",0.4989368219792876,0.007172022014856338,0.011193674057722092,clf
0.00038417916878631154,0.00057501286701064,0.0015713578357663411,"angle(tBodyGyroJerkMean,gravityMean)",0.27019239635144543,0.00493696890771389,0.005513289012014866,clf
0.014520224669039506,0.02036949085561144,0.052669051477896286,"angle(X,gravityMean)",8.21542622378418,0.007005623541772366,0.03751693293452263,clf
0.008268563869271998,0.015479081302060832,0.02885227136198574,"angle(Y,gravityMean)",5.516028197149298,0.002217709785327316,0.01889018528163433,clf
0.0038861380858449344,0.008209088920618774,0.013580343047417513,"angle(Z,gravityMean)",2.9390811393571097,0.0011592808878049257,0.005651002749800682,clf
